"(PDH-TSV 4.0) (Hora de verano romance)(-120)"	"\\GI-AN-B3_08\Disco físico(_Total)\% de tiempo inactivo"	"\\GI-AN-B3_08\Disco físico(_Total)\Longitud promedio de cola de lectura de disco"	"\\GI-AN-B3_08\Disco físico(_Total)\Transferencias de disco/s"	"\\GI-AN-B3_08\Disco físico(_Total)\Promedio de segundos de disco/transferencia"	"\\GI-AN-B3_08\Disco físico(_Total)\Promedio de bytes de disco/transferencia"	"\\GI-AN-B3_08\Interfaz de red(Controladora Realtek PCIe GBE Family)\Ancho de banda actual"	"\\GI-AN-B3_08\Interfaz de red(isatap.{E4048626-77B4-455C-B3B1-413959881D9F})\Ancho de banda actual"	"\\GI-AN-B3_08\Interfaz de red(Controladora Realtek PCIe GBE Family)\Total de bytes/s"	"\\GI-AN-B3_08\Interfaz de red(isatap.{E4048626-77B4-455C-B3B1-413959881D9F})\Total de bytes/s"	"\\GI-AN-B3_08\Memoria\Bytes disponibles"	"\\GI-AN-B3_08\Memoria\Bytes de caché"	"\\GI-AN-B3_08\Memoria\Páginas/s"	"\\GI-AN-B3_08\Memoria\Errores de página/s"	"\\GI-AN-B3_08\Procesador(_Total)\% de tiempo de procesador"
"09/26/2022 10:48:36.777"	" "	" "	" "	" "	" "	"1000000000"	"100000"	" "	" "	"16087552000"	"27578368"	" "	" "	" "
"09/26/2022 10:48:37.761"	"99.534179835209144"	"0.0060948622647472046"	"5.0969605542116749"	"0.0012399621197539323"	"12288"	"1000000000"	"100000"	"61.163526650540092"	"0"	"16089370624"	"25767936"	"13.252097440950354"	"95.822858419179482"	"0.40296181863376246"
"09/26/2022 10:48:38.771"	"100.13053402126462"	"0.0010890210344412803"	"4.9503376884728549"	"0.00025997756955619029"	"9011.2000000000007"	"1000000000"	"100000"	"59.404052261674259"	"0"	"16089321472"	"25784320"	"8.9106078392511385"	"1659.3531931761011"	"6.7989860224150211"
"09/26/2022 10:48:39.769"	"99.704586060027495"	"0"	"3.0080015439544536"	"0.0033000854615307623"	"5461.333333333333"	"1000000000"	"100000"	"60.160030879089071"	"0"	"16089329664"	"25767936"	"0"	"23.061345170317477"	"2.0839100721584902"
"09/26/2022 10:48:40.759"	"99.879325100843403"	"0"	"18.170548981940676"	"0.0020222081639857639"	"4181.333333333333"	"1000000000"	"100000"	"60.568496606468919"	"0"	"16089313280"	"25767936"	"0"	"42.397947624528243"	"4.1769424731832983"
"09/26/2022 10:48:41.760"	"100.18218031772793"	"0"	"1.9991854959271591"	"5.0045040536482834e-005"	"4096"	"1000000000"	"100000"	"0"	"0"	"16089305088"	"25772032"	"0"	"53.978008390033295"	"0.42325134286007593"
"09/26/2022 10:48:42.760"	"99.934327013874906"	"0"	"1.999983318458959"	"0.0025500514565673206"	"4096"	"1000000000"	"100000"	"59.999499553768771"	"0"	"16089321472"	"25767936"	"0"	"19.99983318458959"	"0.40125714573683302"
"09/26/2022 10:48:43.760"	"99.944675714998638"	"0"	"1.9997716153849117"	"0.0025500514565673206"	"6144"	"1000000000"	"100000"	"59.993148461547349"	"0"	"16088686592"	"25767936"	"0"	"2355.730962923426"	"1.5726675434427628"
"09/26/2022 10:48:44.767"	"93.173949463347441"	"0.42210524768869823"	"389.1433858996819"	"0.0014877861269766656"	"48818.483460559793"	"1000000000"	"100000"	"191229.81272742001"	"0"	"16053944320"	"33554432"	"3341.8802224209321"	"11411.902092859627"	"32.897955584717543"
"09/26/2022 10:48:45.751"	"63.972988731083881"	"1.0308000788234983"	"1519.9677315933702"	"0.0015932305408131908"	"82249.436997319033"	"1000000000"	"100000"	"107200.51237272598"	"0"	"16042541056"	"62590976"	"21427.266285927184"	"21772.620884459455"	"83.731855866763908"
"09/26/2022 10:48:46.765"	"98.301609380613058"	"0.014795546264390887"	"77.914118550823318"	"0.00080632858439846748"	"55918.177215189877"	"1000000000"	"100000"	"15227.772030692557"	"0"	"16081158144"	"26701824"	"653.88684302779563"	"683.47448298380448"	"1.7483305198780164"
"09/26/2022 10:48:47.750"	"93.592359734387671"	"0.15066211070404009"	"250.92193308065583"	"0.00120971663867355"	"69316.923076923078"	"1000000000"	"100000"	"31047.271736076938"	"0"	"16087678976"	"31043584"	"2962.3010399319533"	"4088.9100431159504"	"24.995941367955076"
"09/26/2022 10:48:48.765"	"96.64964633684103"	"0.025209954110990172"	"133.93523854536471"	"0.00062279373457227644"	"50085.647058823532"	"1000000000"	"100000"	"12199.924522793957"	"0"	"16089546752"	"28753920"	"1109.8898076516621"	"1411.2440943787326"	"11.525124427372146"
"09/26/2022 10:48:49.750"	"79.114671042872999"	"0.34894722409285145"	"902.63688260114168"	"0.0010019122918567063"	"65545.21484814398"	"1000000000"	"100000"	"127282.96918209126"	"0"	"16072310784"	"37130240"	"9967.588612480773"	"13803.541528641756"	"76.601276373206815"
"09/26/2022 10:48:50.750"	"71.887430253594303"	"1.1186822027640488"	"1117.1864246158621"	"0.002062111742034853"	"77318.814551907722"	"1000000000"	"100000"	"174176.00525603787"	"0"	"16042012672"	"63803392"	"14691.943211385707"	"20991.605792072314"	"90.625987083560105"
"09/26/2022 10:48:51.750"	"61.153603333091354"	"0.81861437293659078"	"1617.823866908393"	"0.0012376713250821867"	"75010.869240348693"	"1000000000"	"100000"	"195567.30378198106"	"0"	"16058007552"	"59129856"	"20509.896594181122"	"25337.176774894084"	"92.578896247452519"
"09/26/2022 10:48:52.750"	"50.209717937672963"	"0.4590517077603436"	"1188.6213784205183"	"0.0010015952073501601"	"68390.475230898403"	"1000000000"	"100000"	"170756.28934088486"	"0"	"16066199552"	"45350912"	"13181.62146614459"	"20136.703234585053"	"88.282482682821779"
"09/26/2022 10:48:53.985"	"50.696420663402577"	"3.9168726128595801"	"874.40453448797223"	"0.0087982568809693955"	"71988.139449541282"	"1000000000"	"100000"	"126060.25445734763"	"0"	"16023601152"	"74350592"	"10066.080824545941"	"16117.120644401697"	"87.34310820698785"
"09/26/2022 10:48:54.750"	"49.960487399130557"	"0.87252912381019798"	"1665.4406814796453"	"0.0026885599603745933"	"72889.139200000005"	"1000000000"	"100000"	"233063.10131880673"	"0"	"16060030976"	"57049088"	"19770.779417981164"	"27378.512450980183"	"88.776684391941501"
"09/26/2022 10:48:55.751"	"72.847307324346545"	"0.48404888443780336"	"1124.9725721368839"	"0.0010976000907939652"	"70895.388444444441"	"1000000000"	"100000"	"194949.24695855472"	"0"	"16070086656"	"40353792"	"13182.678594204925"	"19938.513880744293"	"81.251979790934087"
"09/26/2022 10:48:56.754"	"69.743600369667973"	"0.82883410237914235"	"1039.9499567314892"	"0.0018838894703602873"	"70955.683508102957"	"1000000000"	"100000"	"185987.46576031248"	"0"	"16045662208"	"60338176"	"11702.163288139656"	"19821.505657663867"	"86.769287353097369"
"09/26/2022 10:48:57.757"	"71.24257528140069"	"0.57433090100804252"	"1308.8349566952704"	"0.0011922431953406598"	"67261.615209125477"	"1000000000"	"100000"	"195041.29134144881"	"0"	"16053555200"	"56639488"	"13910.477075873079"	"21870.98048549192"	"90.645670262421135"
"09/26/2022 10:48:58.757"	"74.512183671932817"	"0.41905604102129684"	"1114.280078352235"	"0.0012000001806421645"	"61620.651665166515"	"1000000000"	"100000"	"173326.21604007186"	"0"	"16065458176"	"39489536"	"10362.50384296606"	"19229.605708593521"	"91.797740417030255"
"09/26/2022 10:48:59.759"	"63.030510956039208"	"0.84732155234574225"	"1142.8962770162145"	"0.0019861523543057784"	"70834.594215600344"	"1000000000"	"100000"	"217835.42940212466"	"0"	"16074317824"	"32464896"	"12717.100028920122"	"21521.708508300075"	"77.404509274560709"
"09/26/2022 10:49:00.760"	"70.042652525750043"	"0.55774149291739294"	"1405.9747886256137"	"0.0010838664279746327"	"67690.25728500355"	"1000000000"	"100000"	"230869.65402593074"	"0"	"16049270784"	"65257472"	"14644.321625663375"	"24090.433691674694"	"92.18831944529019"
"09/26/2022 10:49:01.760"	"71.377419718025948"	"0.49644727729915084"	"948.25440218640404"	"0.0017171759465851545"	"69156.147523709165"	"1000000000"	"100000"	"199910.81321035774"	"0"	"16060960768"	"42516480"	"10050.097763109434"	"19250.863343017136"	"82.423736599173168"
"09/26/2022 10:49:02.760"	"70.072719444449731"	"0.4646517226860129"	"1457.7752242246088"	"0.00096449181870051032"	"65797.626373626379"	"1000000000"	"100000"	"221461.6877724517"	"0"	"16062406656"	"41910272"	"14633.82052010088"	"23566.698645466236"	"96.094155817210591"
"09/26/2022 10:49:03.775"	"68.782880215300807"	"0.67645769692883673"	"1490.5942315731156"	"0.0013751637403864776"	"59196.057667103538"	"1000000000"	"100000"	"258378.78359029768"	"0"	"16025608192"	"82448384"	"12981.649631459179"	"25656.584591415107"	"87.693609064749737"
"09/26/2022 10:49:04.776"	"74.872115966188758"	"0.32496578110324981"	"1185.0984785667097"	"0.00083138759327405244"	"60493.969543147206"	"1000000000"	"100000"	"189790.21269188388"	"0"	"16050589696"	"54845440"	"10765.145824340745"	"20602.866866385208"	"89.063651597486782"
"09/26/2022 10:49:05.760"	"67.346069210896644"	"0.76421359587178395"	"1398.4715188842392"	"0.0013588235407807662"	"67228.537400145244"	"1000000000"	"100000"	"239803.84312417163"	"0"	"16062382080"	"48988160"	"13994.871118536541"	"25388.808642401669"	"87.303734784160952"
"09/26/2022 10:49:06.760"	"62.141586029251641"	"0.85898369360788551"	"957.96315432038659"	"0.0021894018524170342"	"60550.312696747111"	"1000000000"	"100000"	"205382.07320507109"	"0"	"16073420800"	"34340864"	"8402.5330608227814"	"18712.950766871265"	"84.767692454441672"
"09/26/2022 10:49:07.760"	"73.544476809791576"	"0.59035566428961184"	"794.66858981841222"	"0.0021158491925106406"	"67354.72704402516"	"1000000000"	"100000"	"163431.84205699421"	"0"	"16047923200"	"50929664"	"8001.662970435711"	"15592.49727368228"	"89.453912011207962"
"09/26/2022 10:49:08.760"	"66.378036943924585"	"0.61733524153316321"	"1785.8125761942413"	"0.001010962589530212"	"61419.485809682803"	"1000000000"	"100000"	"301787.41876099876"	"0"	"16044818432"	"66342912"	"16108.089063735368"	"30463.160106098094"	"91.01657236155927"
"09/26/2022 10:49:09.761"	"71.607466894482698"	"0.40435746159504021"	"1374.0220452066915"	"0.000969730179218938"	"56949.636761487964"	"1000000000"	"100000"	"237163.62131422455"	"0"	"16063074304"	"41750528"	"11057.319638778576"	"23572.846480894666"	"91.016565057355976"
"09/26/2022 10:49:10.761"	"72.467376431999355"	"0.43915380102013268"	"1245.9430449386241"	"0.0010788245900934276"	"61911.60064412238"	"1000000000"	"100000"	"228338.62489271324"	"0"	"16036454400"	"69107712"	"11090.096909659009"	"22578.454196806451"	"94.922414162030151"
"09/26/2022 10:49:11.761"	"74.032159994256602"	"0.32156594616630096"	"1269.0028710959407"	"0.00086004702666566475"	"59141.224489795917"	"1000000000"	"100000"	"222685.10193716694"	"0"	"16054956032"	"56565760"	"10474.752113379052"	"21407.699925897927"	"82.42373132685249"
"09/26/2022 10:49:12.761"	"74.622172134143128"	"0.40625738360046032"	"1022.7950613973284"	"0.0012144399306007819"	"63411.552062868366"	"1000000000"	"100000"	"211975.78354001092"	"0"	"16059768832"	"48574464"	"9447.2907291935935"	"19550.65726889058"	"89.844815278877249"
"09/26/2022 10:49:13.767"	"73.922210492798499"	"0.5026233139478069"	"1072.585938640741"	"0.0014127306779716088"	"52035.070110701105"	"1000000000"	"100000"	"234330.34348030892"	"0"	"16065589248"	"36601856"	"7235.9972041326009"	"19675.619363349757"	"85.2436415814621"
"09/26/2022 10:49:14.751"	"71.073176524053395"	"0.67091372151118012"	"911.47457146505735"	"0.0021337067374189475"	"59270.450167973126"	"1000000000"	"100000"	"209302.32432768721"	"0"	"16044761088"	"56741888"	"7513.285913274678"	"17854.898856257838"	"85.715784695305118"
"09/26/2022 10:49:15.751"	"76.027047570824095"	"0.39295889649942617"	"1065.3680640940597"	"0.0011648216713943786"	"58356.472795497182"	"1000000000"	"100000"	"199413.71535160969"	"0"	"16052146176"	"50085888"	"8736.8176513229555"	"18058.288508551188"	"92.969485391828016"
"09/26/2022 10:49:16.751"	"67.75787187187909"	"0.54194298759770476"	"1647.6591287715282"	"0.0009616272614309646"	"60460.143290831817"	"1000000000"	"100000"	"287947.19025656744"	"0"	"16068780032"	"41480192"	"14189.676431387588"	"28141.257615265993"	"90.23540723515886"
"09/26/2022 10:49:17.752"	"72.277345829076694"	"0.38375935988378829"	"1265.8842621773956"	"0.00098570302773042591"	"56894.281200631915"	"1000000000"	"100000"	"273604.98472322332"	"0"	"16031641600"	"77484032"	"9241.1550956109713"	"24835.729308026974"	"86.329567698780693"
"09/26/2022 10:49:18.767"	"74.537370631488358"	"0.34388988986367569"	"722.20135076096153"	"0.0017371425317147895"	"56179.287074829932"	"1000000000"	"100000"	"192917.17605850904"	"0"	"16055476224"	"49278976"	"5063.2701503009994"	"15477.708404335601"	"81.155838237267488"
"09/26/2022 10:49:19.846"	"72.173304966065004"	"0.44025530541494551"	"1397.5587774815208"	"0.0010096562316476907"	"56466.285714285717"	"1000000000"	"100000"	"264430.69133401016"	"0"	"16058789888"	"53944320"	"10466.901849339114"	"25236.473083054207"	"88.407012180984154"
"09/26/2022 10:49:20.755"	"72.41453759237281"	"0.51209308479660964"	"1321.2551232927638"	"0.0012296512278036347"	"48859.428571428572"	"1000000000"	"100000"	"265196.9730939999"	"0"	"16072503296"	"37687296"	"7495.1598771508116"	"23946.103027717108"	"90.548110078456048"
"09/26/2022 10:49:21.761"	"68.652384890234202"	"0.48060644662590124"	"1574.8524290938908"	"0.00094577553593947036"	"58178.179066834804"	"1000000000"	"100000"	"318191.68460817321"	"0"	"16039133184"	"72658944"	"12819.259053973599"	"28555.867689711293"	"88.353790743595368"
"09/26/2022 10:49:22.777"	"75.580811511675307"	"0.23460866722980622"	"1173.5354042901242"	"0.0007802875987668697"	"51355.939086294413"	"1000000000"	"100000"	"225034.84574077072"	"0"	"16066068480"	"47620096"	"7541.6031565040466"	"20082.149426883538"	"79.61756719771121"
"09/26/2022 10:49:23.767"	"75.81681074924218"	"0.28177554547806805"	"1046.7427978064727"	"0.0011398075699095656"	"53153.476923076923"	"1000000000"	"100000"	"220592.99277003869"	"0"	"16066105344"	"41480192"	"7008.1443280062203"	"19535.843947522724"	"86.981141641396079"
"09/26/2022 10:49:24.754"	"71.094094403962345"	"0.35747105385991756"	"1078.8913835845613"	"0.0012149435793544438"	"56277.654135338344"	"1000000000"	"100000"	"239029.19722968858"	"0"	"16038834176"	"67743744"	"8037.9436068372343"	"20440.124539753371"	"82.985552861551227"
"09/26/2022 10:49:25.754"	"69.12272137743895"	"0.39615828453263874"	"1575.1966107876401"	"0.00091296062947709522"	"53797.08259212198"	"1000000000"	"100000"	"303204.33161167376"	"0"	"16047001600"	"62468096"	"10692.122356833002"	"29488.401101314234"	"85.54840175329538"
"09/26/2022 10:49:26.754"	"76.661935164420697"	"0.29466900082111364"	"1076.7011054632146"	"0.0011277265278833418"	"52759.65988909427"	"1000000000"	"100000"	"209900.98981495167"	"0"	"16061169664"	"46927872"	"6737.840281969894"	"20392.639329258462"	"92.188321788547839"
"09/26/2022 10:49:27.754"	"67.447904480448656"	"0.85021055784931421"	"1066.6654786934748"	"0.0025070755503852839"	"57462.339622641506"	"1000000000"	"100000"	"222345.41274546739"	"0"	"16068284416"	"38543360"	"7988.9219201391479"	"20412.555882355791"	"91.407153967402635"
"09/26/2022 10:49:28.801"	"74.494773665593684"	"0.25234334511763384"	"1214.7348586547785"	"0.00091110221367992847"	"49834.132916340888"	"1000000000"	"100000"	"259434.69428470623"	"0"	"16038514688"	"71892992"	"6585.5914854669536"	"24175.977972679739"	"84.330022687978129"
"09/26/2022 10:49:29.755"	"66.720854631203622"	"0.49631503657267978"	"857.08709838643483"	"0.0019975371733764631"	"52481.261083743841"	"1000000000"	"100000"	"202354.8862458909"	"0"	"16058445824"	"45809664"	"5099.246025005993"	"17553.397101190163"	"75.822208644924615"
"09/26/2022 10:49:30.759"	"76.731128449502407"	"0.24060013800648644"	"872.4301686330225"	"0.0013359497366947075"	"53737.283276450515"	"1000000000"	"100000"	"193872.04743961952"	"0"	"16062193664"	"39170048"	"5774.5150410772749"	"16706.194082401631"	"85.217680883552219"
"09/26/2022 10:49:31.759"	"74.032263628450821"	"0.32436610374215896"	"1346.7623761042446"	"0.00089569409986738806"	"53348.347438752782"	"1000000000"	"100000"	"236852.20959527759"	"0"	"16041721856"	"69992448"	"9161.3835577158079"	"23036.935343591609"	"92.578905504374802"
"09/26/2022 10:49:32.775"	"74.202629393850074"	"0.25557917726739393"	"1222.098917342799"	"0.0010102668153260492"	"47708.300727566697"	"1000000000"	"100000"	"241390.71695233264"	"0"	"16049905664"	"58134528"	"6325.8685268762674"	"23191.228767748478"	"91.923924435988141"
"09/26/2022 10:49:33.759"	"77.614735931122894"	"0.20985740666627389"	"1040.1598103838967"	"0.0010022373797996566"	"46502.350194552528"	"1000000000"	"100000"	"248727.70874374465"	"0"	"16059379712"	"45768704"	"5238.2367104644291"	"20639.27997296763"	"91.270754653735281"
"09/26/2022 10:49:34.759"	"73.367259754095954"	"0.26427211929141475"	"1306.769714157625"	"0.0009635392990423959"	"49551.914569031273"	"1000000000"	"100000"	"295300.05220250296"	"0"	"16069156864"	"36028416"	"6864.7772855862422"	"26780.306567713895"	"94.141248098325619"
"09/26/2022 10:49:35.775"	"73.838345611501609"	"0.2559729314532056"	"868.35714494687443"	"0.0013836760103177275"	"50723.068493150684"	"1000000000"	"100000"	"213223.3126462017"	"0"	"16046170112"	"55246848"	"4754.1562410561755"	"18538.830279447997"	"84.232431691654213"
"09/26/2022 10:49:36.775"	"76.162033451300999"	"0.30656793299420881"	"1191.8961074833956"	"0.0011250834631195519"	"47045.779264214048"	"1000000000"	"100000"	"223257.28877514644"	"0"	"16049786880"	"52727808"	"5731.2663161680666"	"21491.002974815572"	"92.578906246406618"
"09/26/2022 10:49:37.775"	"74.547150185085513"	"0.26277233007364326"	"1198.1613237566"	"0.00096814391549427336"	"49062.956521739128"	"1000000000"	"100000"	"242421.29579257281"	"0"	"16060907520"	"44580864"	"6375.5005555075268"	"23631.628316132472"	"92.188322569633414"
"09/26/2022 10:49:38.775"	"73.842231797214936"	"0.27847070488184644"	"1335.224094599748"	"0.00087909562810212824"	"49753.191994069683"	"1000000000"	"100000"	"289530.82409498078"	"0"	"16030289920"	"79216640"	"7056.1990885111964"	"26820.28709515891"	"86.329558130484671"
"09/26/2022 10:49:39.764"	"75.59699315792578"	"0.19647933714225357"	"1077.5098516685564"	"0.00088091158975895408"	"47273.207977207974"	"1000000000"	"100000"	"212923.3142784361"	"0"	"16053018624"	"57561088"	"5167.5448726744635"	"21079.489975662167"	"86.562867165702613"
"09/26/2022 10:49:40.748"	"76.827384048650273"	"0.18791652077742182"	"1004.0849854071522"	"0.00092145762079674266"	"46158.769230769234"	"1000000000"	"100000"	"245809.76071902705"	"0"	"16056041472"	"48611328"	"4423.8683618191635"	"21049.198600964512"	"90.873991612015971"
"09/26/2022 10:49:41.764"	"74.370076883537379"	"0.20330183844917224"	"979.40807802587312"	"0.0012201597001045247"	"40604.359281437122"	"1000000000"	"100000"	"218722.74132105149"	"0"	"16062443520"	"40271872"	"3179.655167483199"	"19685.906877685713"	"88.462743732076333"
"09/26/2022 10:49:42.751"	"72.760981391850095"	"0.257530513364081"	"1290.9925569965017"	"0.00094039359833298784"	"47845.79527559055"	"1000000000"	"100000"	"273554.20712055161"	"0"	"16043319296"	"62300160"	"6716.2108850991226"	"25135.726737679128"	"88.5234495107984"
"09/26/2022 10:49:43.751"	"74.337172295757256"	"0.34206398066283622"	"1107.3499083881304"	"0.0011299182910387302"	"50774.803263825932"	"1000000000"	"100000"	"231411.03226045406"	"0"	"16050954240"	"58773504"	"6343.9202820531236"	"20710.354723607201"	"88.28248385445012"
"09/26/2022 10:49:44.751"	"74.372153737780664"	"0.15848328001395853"	"1248.8273493837994"	"0.00069619052140821734"	"43947.479365079365"	"1000000000"	"100000"	"251803.23894845284"	"0"	"16071184384"	"40554496"	"5487.902407569919"	"22519.528734404212"	"81.251977916329835"
"09/26/2022 10:49:45.767"	"74.458609706240452"	"0.21767550715390407"	"1182.2724629392503"	"0.00087572988183537686"	"48181.804837364471"	"1000000000"	"100000"	"261868.91332162509"	"0"	"16035721216"	"68423680"	"5916.292558494998"	"23903.794033839287"	"90.385634164756638"
"09/26/2022 10:49:46.767"	"75.794934432707336"	"0.17417686931175541"	"651.62379821089837"	"0.0017129830512106398"	"44562.200927357029"	"1000000000"	"100000"	"163901.01031413476"	"0"	"16049324032"	"48095232"	"2558.1521599005905"	"14428.381040447188"	"82.033635933148076"
"09/26/2022 10:49:47.754"	"71.693880599660218"	"0.44592196112488197"	"1772.0824914484176"	"0.00080689059760115508"	"40134.851936218678"	"1000000000"	"100000"	"261091.52981350655"	"0"	"16041259008"	"59432960"	"7658.5045715273582"	"33200.308591208137"	"92.878971634886824"
"09/26/2022 10:49:48.754"	"71.297492374053022"	"0.67702870887695521"	"837.78815495468348"	"0.002966347357332178"	"43952.287425149698"	"1000000000"	"100000"	"205112.61379327657"	"0"	"16049332224"	"41582592"	"3508.6768597323689"	"17530.340890261352"	"82.814309653193519"
"09/26/2022 10:49:49.755"	"71.827443752917191"	"0.29536892718885971"	"1327.3886655969159"	"0.0010491347346605114"	"48064.048156508652"	"1000000000"	"100000"	"282622.92035312031"	"0"	"16019853312"	"72450048"	"6102.5919840460165"	"26313.058235628854"	"94.141236341936832"
"09/26/2022 10:49:50.755"	"71.997425870798395"	"0.22027682687781244"	"1367.5376722194619"	"0.0007960467157236196"	"44627.2093704246"	"1000000000"	"100000"	"273797.86088967836"	"0"	"16039845888"	"59756544"	"5530.2182293852911"	"25827.040166850424"	"80.470804471369604"
"09/26/2022 10:49:51.755"	"78.886677455528442"	"0.12748655016895719"	"963.46491738321629"	"0.00078933750732935212"	"41337.374741200831"	"1000000000"	"100000"	"227088.4815520859"	"0"	"16048930816"	"45719552"	"3316.2741721523748"	"19378.012297969472"	"87.891907403768897"
"09/26/2022 10:49:52.755"	"71.717476836679822"	"0.35396286929501097"	"908.64840880889415"	"0.0017803749889473788"	"48261.221609702312"	"1000000000"	"100000"	"218368.14880362985"	"0"	"16054771712"	"39395328"	"4315.8294874848025"	"19631.614353935049"	"82.033134724167439"
"09/26/2022 10:49:53.755"	"76.936875465950791"	"0.14368482688228124"	"1056.3520712135787"	"0.00096382372905470489"	"41370.751640112467"	"1000000000"	"100000"	"258074.63216089114"	"0"	"16028954624"	"64675840"	"3313.5992336943277"	"21252.774051304492"	"92.1883249128892"
"09/26/2022 10:49:54.755"	"75.762029834461416"	"0.19687928829887097"	"1063.1333939364858"	"0.00093925873346458334"	"47606.266159695821"	"1000000000"	"100000"	"233210.2348402424"	"0"	"16040148992"	"55042048"	"5328.8045496455234"	"20988.799865652923"	"94.531825251983491"
"09/26/2022 10:49:55.755"	"71.942431656189768"	"0.28846965299250521"	"1385.7186630661843"	"0.00099383949999934189"	"48148.538681948427"	"1000000000"	"100000"	"262172.80934936565"	"0"	"16059564032"	"41496576"	"6990.1366943496196"	"25566.310806542006"	"90.625986146257404"
"09/26/2022 10:49:56.771"	"75.492369147052401"	"0.21157159793559677"	"1197.0218685546827"	"0.00089066331184237298"	"41020.383292383289"	"1000000000"	"100000"	"279577.64326837618"	"0"	"16060293120"	"33910784"	"3578.3209010848418"	"24708.060731518155"	"90.770201346457796"
"09/26/2022 10:49:57.771"	"74.037181673615265"	"0.24727388787744015"	"824.18346530106726"	"0.0015354955731067795"	"45602.467564259488"	"1000000000"	"100000"	"233823.97636263547"	"0"	"16036859904"	"52760576"	"3381.4724304641095"	"18119.930726729217"	"87.110731106795129"
"09/26/2022 10:49:58.756"	"68.594664649491222"	"0.35043920189655664"	"1479.6513587394095"	"0.0012250001368869796"	"42067.705722070845"	"1000000000"	"100000"	"270300.45243587531"	"0"	"16042536960"	"53878784"	"5320.8988574832038"	"26981.462685350991"	"82.938313863303719"
"09/26/2022 10:49:59.756"	"79.156743951605847"	"0.14288509708437411"	"914.77940118737513"	"0.00095909580715200146"	"44392.149944873207"	"1000000000"	"100000"	"219853.66371381341"	"0"	"16054370304"	"39428096"	"3889.073176382049"	"18663.718653773292"	"92.188314758770659"
"09/26/2022 10:50:00.756"	"74.08220655187074"	"0.17328177075771628"	"1278.0968418322541"	"0.00081209293890241614"	"43392.198449612406"	"1000000000"	"100000"	"288752.79052501998"	"0"	"16023040000"	"71753728"	"4333.6399892823865"	"26774.642677267311"	"88.673061593920323"
"09/26/2022 10:50:01.780"	"72.016849512455153"	"0.22966137684191498"	"1310.3349825327182"	"0.0009643763932070757"	"42367.139656460044"	"1000000000"	"100000"	"300797.71938830608"	"0"	"16038326272"	"63381504"	"4216.7538758278433"	"26808.533865932644"	"87.418285008304608"
"09/26/2022 10:50:02.749"	"71.795076059956401"	"0.21917749414494772"	"909.63403903536437"	"0.0013982839939387331"	"48819.258581235699"	"1000000000"	"100000"	"218472.44813509093"	"0"	"16051515392"	"47923200"	"4157.8809907852183"	"19760.082225543967"	"87.504220508244117"
"09/26/2022 10:50:03.749"	"76.15425274170812"	"0.18132203062672114"	"1130.7725535061529"	"0.00092953140244774325"	"43451.642793987623"	"1000000000"	"100000"	"250423.6291484528"	"0"	"16061849600"	"36388864"	"3955.2044400268264"	"23478.277518996452"	"94.921262933446414"
"09/26/2022 10:50:04.749"	"61.759284764093422"	"0.30234754270134134"	"803.10820810761902"	"0.0019118305718369062"	"40307.088418430882"	"1000000000"	"100000"	"216155.12401677121"	"0"	"16036241408"	"58970112"	"2112.2846021460664"	"17936.416692655093"	"80.472138084042427"
"09/26/2022 10:50:05.749"	"81.366973148598873"	"0.10989591187207835"	"733.09177405348464"	"0.0013219048722430337"	"40702.258503401361"	"1000000000"	"100000"	"205277.66558026639"	"0"	"16044429312"	"44457984"	"2378.808001520491"	"15454.771481576525"	"93.35961702224678"
"09/26/2022 10:50:06.750"	"71.727475787789857"	"0.22937593846405513"	"1424.5057611089899"	"0.00085860853159468295"	"44868.902319044275"	"1000000000"	"100000"	"258555.30357747865"	"0"	"16059101184"	"40112128"	"5414.7235852695194"	"27577.150180625755"	"91.01657236155927"
"09/26/2022 10:50:07.750"	"74.10829829969849"	"0.18277114043692502"	"1168.5696181021231"	"0.00088937430587975215"	"41377.672664952872"	"1000000000"	"100000"	"286747.1576512084"	"0"	"16024821760"	"72568832"	"3906.2468553696508"	"25055.654656513561"	"81.643518488430672"
"09/26/2022 10:50:08.765"	"75.625278247663402"	"0.078760948510226816"	"755.54458831999045"	"0.0012703371223286555"	"39182.590673575127"	"1000000000"	"100000"	"194208.23447803402"	"0"	"16048234496"	"46977024"	"1589.3839526316897"	"15310.543445178666"	"84.617002244096327"
"09/26/2022 10:50:09.766"	"71.842420624624097"	"0.1619829108029103"	"1415.3806852573916"	"0.00081740050602651943"	"39633.454545454544"	"1000000000"	"100000"	"294873.65674052713"	"0"	"16043655168"	"53702656"	"3679.1855880980493"	"28141.748781094233"	"89.063653784525727"
"09/26/2022 10:50:10.766"	"79.101702231435922"	"0.10868859856601043"	"972.39323761088656"	"0.00094659201419629649"	"38676.573753814853"	"1000000000"	"100000"	"229900.27219396838"	"0"	"16061992960"	"35487744"	"2178.2399890327283"	"21068.190411634449"	"93.360076527972211"
"09/26/2022 10:50:11.750"	"76.101220311305994"	"0.10899173704488967"	"1081.4445178459457"	"0.00099165083002766526"	"38861.480075901331"	"1000000000"	"100000"	"286767.48414873186"	"0"	"16029216768"	"61284352"	"2132.1078824325191"	"25641.72670349908"	"90.477189796870078"
"09/26/2022 10:50:12.752"	"72.455752322827095"	"0.15963726898270825"	"858.03688478045649"	"0.0014587414429965034"	"39021.799533799531"	"1000000000"	"100000"	"209567.00874221782"	"0"	"16039309312"	"50274304"	"1545.0664183983745"	"19161.823717107607"	"89.080471360235322"
"09/26/2022 10:50:13.752"	"71.162513703558389"	"0.15198401128201314"	"1363.1634075515656"	"0.00082690044634412994"	"40777.356725146201"	"1000000000"	"100000"	"316622.60240926885"	"0"	"16054624256"	"44154880"	"3194.6651203291808"	"30292.520167812567"	"89.063650503966983"
"09/26/2022 10:50:14.752"	"74.647072480902537"	"0.24397408995164713"	"738.27579569073453"	"0.0018641306858446849"	"40854.260869565216"	"1000000000"	"100000"	"214812.17615104729"	"0"	"16033386496"	"61935616"	"1777.4792254945403"	"16534.970402399551"	"78.908489918370677"
"09/26/2022 10:50:15.752"	"75.224746867002025"	"0.12918239243991045"	"1227.0893590399637"	"0.00081067621591256677"	"37885.496332518334"	"1000000000"	"100000"	"240619.52238283074"	"0"	"16035393536"	"63152128"	"2722.1982357838474"	"22921.66920064871"	"88.282847047947371"
"09/26/2022 10:50:16.752"	"77.949301906030669"	"0.10829208384867066"	"994.71209152295182"	"0.00086114471410635542"	"38768.064257028112"	"1000000000"	"100000"	"220971.89552829845"	"0"	"16048357376"	"48680960"	"2419.8668652209963"	"20351.649599452521"	"88.282106578009149"
"09/26/2022 10:50:17.752"	"75.257007705781646"	"0.08369111200390518"	"1159.6944336582178"	"0.00075617490583412741"	"34497.646655231561"	"1000000000"	"100000"	"249608.8106667824"	"0"	"16064622592"	"33935360"	"1751.4767561510475"	"22285.82605058292"	"80.080235478992137"
"09/26/2022 10:50:18.752"	"78.099401911160655"	"0.12508302623334014"	"994.38767803361009"	"0.00092641705677952478"	"39575.319838056683"	"1000000000"	"100000"	"234592.96186451626"	"0"	"16038379520"	"59584512"	"2252.4692544931372"	"21382.354473506119"	"90.626272014887576"
"09/26/2022 10:50:19.768"	"75.415895032100991"	"0.14010028541864189"	"772.66109580287696"	"0.0012233207735585731"	"38675.792141951839"	"1000000000"	"100000"	"239859.85743623605"	"0"	"16044445696"	"49442816"	"1702.0088523515844"	"18717.200917719121"	"78.463150080584739"
"09/26/2022 10:50:20.753"	"75.461310460975255"	"0.12818976147765618"	"1216.8622251162851"	"0.00079874259649468911"	"37969.54233025985"	"1000000000"	"100000"	"247381.05235327128"	"0"	"16050061312"	"46604288"	"2680.5649015973154"	"23857.843625708225"	"94.841814646949956"
"09/26/2022 10:50:21.753"	"78.136647192415126"	"0.15688322918280037"	"931.39797624588437"	"0.0014033120713748664"	"37367.24786324786"	"1000000000"	"100000"	"233776.91170448516"	"0"	"16059682816"	"34791424"	"1844.8844529485787"	"19592.195250326087"	"91.016580327562977"
"09/26/2022 10:50:22.754"	"75.396155509849223"	"0.1585290896387164"	"1207.0546157539191"	"0.00083668050474068015"	"42391.050622406641"	"1000000000"	"100000"	"281619.36487390607"	"0"	"16030035968"	"67747840"	"3771.4196085589256"	"25334.123059777896"	"92.200828005022217"
"09/26/2022 10:50:23.755"	"75.227010891443328"	"0.11728754406282053"	"1211.7162232774567"	"0.00074783324867844919"	"40035.636958299263"	"1000000000"	"100000"	"281373.7834124759"	"0"	"16050565120"	"48394240"	"3019.8782081354771"	"25155.743997558977"	"83.986080678231971"
"09/26/2022 10:50:24.770"	"75.91083900059769"	"0.13517357103666511"	"694.43819508985916"	"0.0016124998366828514"	"41454.545454545456"	"1000000000"	"100000"	"218722.38458814606"	"0"	"16054407168"	"35352576"	"1853.4792167242122"	"16573.793400425871"	"85.386142060630021"
"09/26/2022 10:50:25.770"	"72.737391668831435"	"0.12038740747717788"	"1301.9118141372273"	"0.00078394091114538744"	"38014.31186966641"	"1000000000"	"100000"	"236935.82996989577"	"0"	"16026419200"	"70832128"	"2750.2760821533516"	"24984.788631739793"	"90.625980522437359"
"09/26/2022 10:50:26.755"	"72.792601066074127"	"0.11569214067432977"	"1302.1365499430269"	"0.00082035885779340703"	"36279.313572542902"	"1000000000"	"100000"	"279666.83458222536"	"0"	"16036880384"	"61267968"	"2648.9642139246598"	"25076.793511344298"	"85.319459621208281"
"09/26/2022 10:50:27.755"	"77.419209043163576"	"0.090193253544634866"	"1011.0003243304629"	"0.0010615234174375086"	"36835.639960435212"	"1000000000"	"100000"	"238212.07641880141"	"0"	"16045400064"	"50597888"	"1492.0004786360541"	"21513.006901405784"	"95.703451381836629"
"09/26/2022 10:50:28.755"	"64.443136805930166"	"0.19047971391046853"	"933.3901229205909"	"0.0016219380900389334"	"41535.795527156552"	"1000000000"	"100000"	"282657.16910884721"	"0"	"16058081280"	"34406400"	"2414.4884010373967"	"21948.087235449038"	"72.26857339693322"
"09/26/2022 10:50:29.755"	"77.74189152071439"	"0.096389946528577075"	"920.83964926572389"	"0.00083591706054651955"	"40262.427947598255"	"1000000000"	"100000"	"219555.91820844173"	"0"	"16033349632"	"60645376"	"1689.8814960869888"	"20552.015054135871"	"95.31298885526239"
"09/26/2022 10:50:30.771"	"76.235705620600086"	"0.10297998073112635"	"767.99408703150505"	"0.0013931122029973496"	"39011.265306122448"	"1000000000"	"100000"	"191620.4022201286"	"0"	"16040546304"	"51798016"	"1254.8474814889771"	"16737.17725895446"	"88.462747139647348"
"09/26/2022 10:50:31.771"	"77.35186258405615"	"0.097889702003349247"	"1129.2237418669499"	"0.0009690392810779452"	"32343.914590747332"	"1000000000"	"100000"	"241286.17979020049"	"0"	"16052379648"	"41021440"	"1745.0726331164519"	"19320.375248970919"	"90.625986146257404"
"09/26/2022 10:50:32.755"	"74.186447857191467"	"0.18080629449688618"	"1107.2066788097602"	"0.0012286367393543908"	"42087.992680695337"	"1000000000"	"100000"	"279457.75013413193"	"0"	"16021196800"	"73289728"	"2647.9764486813478"	"25984.408525296578"	"89.683629615258425"
"09/26/2022 10:50:33.771"	"73.444562793673654"	"0.18213463963578586"	"1304.2500310017592"	"0.0008340873959863178"	"38167.553544494724"	"1000000000"	"100000"	"280209.16842522111"	"0"	"16029249536"	"67878912"	"2833.7438456380605"	"25644.349025850577"	"88.847334843508435"
"09/26/2022 10:50:34.771"	"79.051604719578776"	"0.060093618057762269"	"1126.9853794661312"	"0.00067977141360336631"	"32807.627088830253"	"1000000000"	"100000"	"230866.47371547259"	"0"	"16047943680"	"49283072"	"1270.7082290902199"	"21769.551353750783"	"89.454239959716276"
"09/26/2022 10:50:35.771"	"78.426796557080124"	"0.083891224977867315"	"898.81200311058001"	"0.00096689116668208957"	"31264.75420875421"	"1000000000"	"100000"	"197540.92221899689"	"0"	"16057307136"	"36413440"	"786.8387906018545"	"17965.143617728754"	"88.673064797422185"
"09/26/2022 10:50:36.756"	"74.64364098851604"	"0.15033352202899061"	"850.86592724499906"	"0.0014590689603630844"	"38960.878281622914"	"1000000000"	"100000"	"211934.6598971941"	"0"	"16030601216"	"60887040"	"1797.1750491928979"	"18689.605158471"	"85.318986910521176"
"09/26/2022 10:50:37.756"	"72.822339089927738"	"0.10988843973613976"	"1391.7071958362037"	"0.00089458486348720039"	"34125.077256317687"	"1000000000"	"100000"	"255314.46292191042"	"0"	"16043225088"	"54398976"	"1986.5740983163714"	"25734.022588711316"	"89.454239414013642"
"09/26/2022 10:50:38.756"	"78.341781947073756"	"0.052694472349850502"	"966.63811446982209"	"0.00081561552720652789"	"33488.082730093069"	"1000000000"	"100000"	"240831.83848427972"	"0"	"16047128576"	"46919680"	"904.66131705810653"	"20673.260439865968"	"90.235394307137184"
"09/26/2022 10:50:39.756"	"79.871565562676579"	"0.039895787004892283"	"945.70000804106519"	"0.00077793018888526499"	"35968.675818373813"	"1000000000"	"100000"	"273717.73812461214"	"0"	"16013705216"	"77271040"	"730.99514877091838"	"22703.7905837525"	"85.157817334489479"
"09/26/2022 10:50:40.756"	"77.311696723771874"	"0.070792396896573309"	"1060.5119103762977"	"0.00079150131513122223"	"35053.869688385268"	"1000000000"	"100000"	"215102.6593967774"	"0"	"16039329792"	"57700352"	"1454.0729875980967"	"20219.8262345683"	"89.063674561352116"
"09/26/2022 10:50:41.772"	"76.068428407464893"	"0.12759293757338316"	"877.57769196182096"	"0.0010942287798339488"	"34877.371809101001"	"1000000000"	"100000"	"220578.81197316953"	"0"	"16048857088"	"45797376"	"1347.0476670179783"	"18103.814162590861"	"86.539860683476775"
"09/26/2022 10:50:42.772"	"71.977471156517026"	"0.10378914365557362"	"1340.100101078167"	"0.00075418242580670679"	"37058.459683496607"	"1000000000"	"100000"	"281524.02816711587"	"0"	"16058961920"	"40300544"	"2770.0788072776281"	"26938.334737196765"	"90.625980522437359"
"09/26/2022 10:50:43.757"	"76.959488216610012"	"0.08380067020220848"	"1074.3100194489434"	"0.0011957865459303269"	"35260.883895131083"	"1000000000"	"100000"	"280891.83375558228"	"0"	"16021946368"	"72241152"	"1510.8742033823155"	"22833.111546321692"	"91.667541918110999"
"09/26/2022 10:50:44.757"	"72.787644358580309"	"0.085044669937738501"	"1230.1017668737495"	"0.0007948274347085"	"40482.469622331693"	"1000000000"	"100000"	"278501.90758344741"	"0"	"16039481344"	"61186048"	"2660.1708160471726"	"26688.562636622093"	"84.775535036904998"
"09/26/2022 10:50:45.757"	"76.611940423867409"	"0.072792342245595762"	"1156.4838657428006"	"0.00073425383524360435"	"34273.518550474546"	"1000000000"	"100000"	"288322.70319791394"	"0"	"16048119808"	"49684480"	"1069.6727386335481"	"24421.865931022472"	"85.938979219386127"
"09/26/2022 10:50:46.763"	"81.966846379275623"	"0.029628966789209288"	"626.61896293898735"	"0.0013619647255450381"	"39457.267828843105"	"1000000000"	"100000"	"189209.13509776726"	"0"	"16053362688"	"37130240"	"688.18849653996551"	"16128.238632475584"	"90.678806588965202"
"09/26/2022 10:50:47.757"	"74.884553190174557"	"0.11241992596388009"	"788.86513617615424"	"0.0013637647335440137"	"39402.366197183095"	"1000000000"	"100000"	"218581.29730959301"	"0"	"16029569024"	"55992320"	"1196.9336573223341"	"18454.999875895664"	"89.385143520591512"
"09/26/2022 10:50:48.759"	"71.1970000626917"	"0.1284780413357883"	"1365.7356159527894"	"0.00097419805731265637"	"38822.437317784257"	"1000000000"	"100000"	"305841.16150714201"	"0"	"16033611776"	"62054400"	"2120.2746807430331"	"30120.841110142457"	"88.301460397018118"
"09/26/2022 10:50:49.759"	"74.135921588490348"	"0.15966967872800955"	"1183.4801815336243"	"0.0010424960035701608"	"41380.478920741989"	"1000000000"	"100000"	"272453.90209515311"	"0"	"16050302976"	"47529984"	"2937.7450711930778"	"25916.818950076977"	"89.455132470343884"
"09/26/2022 10:50:50.771"	"77.407502258645096"	"0.074596546308350303"	"1066.0952385198254"	"0.00075027923593727782"	"35380.439478584733"	"1000000000"	"100000"	"248612.61551091375"	"0"	"16068763648"	"30355456"	"1328.1521686587769"	"21687.196248772016"	"83.018170335433496"
"09/26/2022 10:50:51.755"	"82.920255763734858"	"0.035248473294151657"	"711.71197548993302"	"0.00085142465752963907"	"37050.712250712248"	"1000000000"	"100000"	"238330.23899461891"	"0"	"16038309888"	"51085312"	"876.96703532591459"	"18003.677009615712"	"94.048005779530655"
"09/26/2022 10:50:52.755"	"69.247687444205894"	"0.153383802670438"	"1013.9125565034943"	"0.00138013831887231"	"41530.687747035576"	"1000000000"	"100000"	"247562.98128635122"	"0"	"16040239104"	"52367360"	"1803.4017803421837"	"23926.132175750936"	"83.20490356218383"
"09/26/2022 10:50:53.755"	"81.24645287315775"	"0.079591626960843723"	"777.88260271294826"	"0.0009508973098800097"	"41180.553846153845"	"1000000000"	"100000"	"194023.86682437116"	"0"	"16052166656"	"38793216"	"2084.3264611154641"	"16250.765398983964"	"94.922404163082035"
"09/26/2022 10:50:54.756"	"75.042105570493987"	"0.11528787171589548"	"1136.8783095873669"	"0.00088280425792520013"	"40017.269841269845"	"1000000000"	"100000"	"256597.64513427459"	"0"	"16022474752"	"71053312"	"2655.7236702794839"	"23845.370893770301"	"88.673071592868439"
"09/26/2022 10:50:55.756"	"70.260599131836159"	"0.16757757812004753"	"1421.7906443023933"	"0.0010707453073303859"	"39289.338959212379"	"1000000000"	"100000"	"339993.93660419341"	"0"	"16028491776"	"71360512"	"3202.5284343885833"	"29064.720280749836"	"82.033653897108564"
"09/26/2022 10:50:56.756"	"78.453959045153525"	"0.036397197415798985"	"915.79898027562058"	"0.00094078114042557104"	"35660.07809110629"	"1000000000"	"100000"	"266777.6066359515"	"0"	"16044060672"	"49549312"	"690.32569554398731"	"22149.025445950178"	"89.453932047232371"
"09/26/2022 10:50:57.763"	"65.053403173803702"	"0.21667917222598029"	"945.6784223981897"	"0.001593128942627212"	"39600.43974630021"	"1000000000"	"100000"	"215894.58512525607"	"0"	"16060604416"	"35598336"	"1632.4448877127313"	"21351.73934884031"	"77.501661339391077"
"09/26/2022 10:50:58.763"	"78.33384295994334"	"0.14808836025488398"	"679.05976735472609"	"0.0017904691370891597"	"40311.366568914957"	"1000000000"	"100000"	"165919.59166049393"	"0"	"16038690816"	"53063680"	"1365.0893563685183"	"15485.948037636444"	"87.500982422781576"
"09/26/2022 10:50:59.763"	"79.006633197544389"	"0.056194049050205586"	"891.69988319269862"	"0.00087894131283181433"	"36278.198198198195"	"1000000000"	"100000"	"228216.92843829349"	"0"	"16036548608"	"54018048"	"1189.9373441253917"	"18935.568352888196"	"92.969494530529218"
"09/26/2022 10:51:00.763"	"78.796789374547174"	"0.062593477759617447"	"977.73710605490612"	"0.00088270616573148878"	"38889.082400813837"	"1000000000"	"100000"	"236465.17204402978"	"0"	"16035913728"	"51855360"	"1390.5152332296632"	"21944.876674353403"	"93.750651182146811"
"09/26/2022 10:51:01.748"	"73.333227016491065"	"0.083191236133397295"	"1278.7666940044594"	"0.00078414326085836025"	"36314.058964143427"	"1000000000"	"100000"	"290778.30002775183"	"0"	"16061112320"	"35094528"	"1114.717739634166"	"27871.000303668505"	"87.302924888065121"
"09/26/2022 10:51:02.754"	"73.570582184199907"	"0.12872242643861229"	"744.13869201432465"	"0.001704016194467239"	"36310.190093708166"	"1000000000"	"100000"	"237504.76395270581"	"0"	"16036724736"	"54136832"	"745.13486161541471"	"18470.976743413128"	"80.197749454867974"
"09/26/2022 10:51:03.754"	"76.32426804746963"	"0.084993616979364847"	"1184.9144724622981"	"0.00079291149982620406"	"37033.37046413502"	"1000000000"	"100000"	"253097.73131794686"	"0"	"16038203392"	"57708544"	"1882.8640942164618"	"24954.198797273511"	"92.578677341331669"
"09/26/2022 10:51:04.756"	"79.322845677907551"	"0.044993841530293427"	"1011.3878146435333"	"0.00077287956723383518"	"33369.877712031557"	"1000000000"	"100000"	"252304.35506998975"	"0"	"16051740672"	"43900928"	"693.20959682175112"	"21022.703125484961"	"83.632367791432898"
"09/26/2022 10:51:05.756"	"77.346832174522376"	"0.10338908211292887"	"924.13815266404561"	"0.0010250001585953943"	"35445.471861471859"	"1000000000"	"100000"	"246816.89752644283"	"0"	"16023982080"	"69234688"	"1038.1551974732461"	"20074.000933030366"	"90.235411140583551"
"09/26/2022 10:51:06.756"	"75.062148499266982"	"0.085491057635371334"	"1100.9285458590093"	"0.0008569230464977361"	"40989.654298642534"	"1000000000"	"100000"	"283539.41448771377"	"0"	"16029294592"	"66048000"	"2057.3913549310896"	"25395.083896289852"	"86.329549929077416"
"09/26/2022 10:51:07.756"	"64.713172760273793"	"0.18638033687445973"	"656.17597989446654"	"0.0024009144385356449"	"39542.634146341465"	"1000000000"	"100000"	"202096.20019792349"	"0"	"16048693248"	"45023232"	"568.15237283545275"	"16557.440541452903"	"76.564972395412283"
"09/26/2022 10:51:08.756"	"76.151958353197898"	"0.084791046065535475"	"690.89146763651706"	"0.0014158201240109065"	"40020.714078374454"	"1000000000"	"100000"	"165454.9694382592"	"0"	"16055205888"	"38006784"	"1285.5193926125035"	"16113.113198042371"	"91.797746158005708"
"09/26/2022 10:51:09.757"	"71.467531642943314"	"0.045495245746819457"	"1325.7301936987615"	"0.00088109931081934193"	"33878.361445783135"	"1000000000"	"100000"	"296103.03671158862"	"0"	"16022777856"	"74776576"	"925.415579487012"	"27634.686161121324"	"84.376632641888932"
"09/26/2022 10:51:10.757"	"78.46669037748903"	"0.060093636083938709"	"971.58124513591349"	"0.00087315573034225968"	"33238.032786885247"	"1000000000"	"100000"	"240195.58962741218"	"0"	"16046718976"	"49934336"	"581.35599094198096"	"20827.277470013916"	"82.814319963515871"
"09/26/2022 10:51:11.757"	"73.13232841874887"	"0.062293465415477915"	"1139.1719191223306"	"0.0010182864405817007"	"37949.512367491167"	"1000000000"	"100000"	"294608.77739464556"	"0"	"16051589120"	"44261376"	"1244.8371589702499"	"25782.318522892321"	"91.407151389819205"
"09/26/2022 10:51:12.773"	"77.254622552541164"	"0.071278637349356189"	"1074.0722580156141"	"0.00078285955961978043"	"38185.532538955085"	"1000000000"	"100000"	"265633.52580914117"	"0"	"16023015424"	"74317824"	"1707.0955961494731"	"23404.142795421812"	"98.846270586506023"
"09/26/2022 10:51:13.757"	"78.833656008564944"	"0.029254081858609334"	"855.33215234028239"	"0.00082161542074632497"	"36445.643705463182"	"1000000000"	"100000"	"244224.7570087245"	"0"	"16044298240"	"50966528"	"836.03130804756825"	"18679.153939706786"	"88.09648361872992"
"09/26/2022 10:51:14.773"	"74.616131556736264"	"0.079843887970066127"	"820.10279027254626"	"0.0012631450954302865"	"35921.747899159665"	"1000000000"	"100000"	"200930.1062025498"	"0"	"16039899136"	"50978816"	"572.98898432007434"	"18183.047339188066"	"85.001586540387962"
"09/26/2022 10:51:15.757"	"72.5865947613119"	"0.11000739172474221"	"1239.5899198943216"	"0.001023669049892651"	"36344.032760032758"	"1000000000"	"100000"	"256872.26988670044"	"0"	"16063266816"	"36311040"	"1903.5471742848918"	"24511.596253831693"	"83.731877348767014"
"09/26/2022 10:51:16.757"	"75.672107399198268"	"0.068392866624011117"	"1150.2505566290065"	"0.00083231973981867831"	"36472.54908774978"	"1000000000"	"100000"	"288186.23285606701"	"0"	"16029892608"	"68784128"	"1222.2036757230887"	"25035.688049235338"	"94.531820331139457"
"09/26/2022 10:51:17.757"	"79.756585680210733"	"0.037196075814001625"	"930.89350716074762"	"0.00073193562378183377"	"34934.916129032259"	"1000000000"	"100000"	"228535.35696872391"	"0"	"16037527552"	"60346368"	"690.6629246676514"	"19917.117210198445"	"84.376648263608189"
"09/26/2022 10:51:18.759"	"79.35675207758652"	"0.017470665006387776"	"766.49999184615524"	"0.001238621427952424"	"35079.656697009101"	"1000000000"	"100000"	"215525.04582173011"	"0"	"16047017984"	"45457408"	"203.33679887726353"	"18477.733223464271"	"89.47080956366166"
"09/26/2022 10:51:19.759"	"76.761947671689228"	"0.088390727812652448"	"688.62930740941431"	"0.0013889696402397602"	"37274.194484760519"	"1000000000"	"100000"	"231059.6194544819"	"0"	"16053317632"	"35020800"	"465.74928483713654"	"18229.187137649213"	"84.376638890580381"
"09/26/2022 10:51:20.759"	"74.482186818602727"	"0.052494493327649931"	"1224.3483888759786"	"0.00082896877322621539"	"35851.731587561371"	"1000000000"	"100000"	"273574.73615596234"	"0"	"16029265920"	"66969600"	"833.59890306449608"	"26742.293655882771"	"91.01656236260817"
"09/26/2022 10:51:21.766"	"80.686230854716698"	"0.042720038499696092"	"781.03431838184565"	"0.0010269620782690139"	"33784.222784810125"	"1000000000"	"100000"	"226219.17543653215"	"0"	"16042688512"	"50835456"	"905.6043489085705"	"16150.603322893458"	"88.357547647248524"
"09/26/2022 10:51:22.750"	"75.05502664001429"	"0.0619617894849218"	"1162.4329360643856"	"0.00079938561846203213"	"37302.728709394207"	"1000000000"	"100000"	"281043.42148159642"	"0"	"16047554560"	"46686208"	"1189.9884139166581"	"26740.039822496019"	"94.44502399597269"
"09/26/2022 10:51:23.750"	"72.347389054671453"	"0.053094414467598008"	"1291.6494704898744"	"0.00078189518367882281"	"35554.416024653314"	"1000000000"	"100000"	"339564.49569579493"	"0"	"16014958592"	"83902464"	"986.15148324766221"	"28509.82845110547"	"81.642561202561495"
"09/26/2022 10:51:24.755"	"77.904392742476546"	"0.034447181966641392"	"861.55752589905683"	"0.0011158748938161767"	"37139.281575898029"	"1000000000"	"100000"	"246241.72652735337"	"0"	"16037330944"	"58867712"	"511.1442100351299"	"20654.419065267193"	"92.999804965232741"
"09/26/2022 10:51:25.755"	"73.437267055779031"	"0.11548783913053956"	"904.69090905592441"	"0.0011801104773868658"	"37909.498342541439"	"1000000000"	"100000"	"255098.84455065761"	"0"	"16044208128"	"49598464"	"865.70422899716084"	"20995.826699338762"	"84.376645139266842"
"09/26/2022 10:51:26.755"	"78.771689586748593"	"0.067492879501212619"	"909.098643213689"	"0.0009461961896937278"	"34165.133406835725"	"1000000000"	"100000"	"232693.16936484806"	"0"	"16053313536"	"40345600"	"612.41374972829544"	"18878.58097566685"	"83.986059470725834"
"09/26/2022 10:51:27.756"	"78.052192797205819"	"0.050736422189354521"	"989.88791339362331"	"0.0010127144650890088"	"37161.590312815337"	"1000000000"	"100000"	"214495.02620635025"	"0"	"16023556096"	"71815168"	"904.98329922767175"	"22634.571258828964"	"91.417005350595176"
"09/26/2022 10:51:28.773"	"69.822906714864956"	"0.10665543701671755"	"1032.7699491776532"	"0.0012990564875586866"	"38150.762264150944"	"1000000000"	"100000"	"305119.21543799114"	"0"	"16037609472"	"57044992"	"1380.5990735705043"	"24280.81122967575"	"85.395141667740759"
"09/26/2022 10:51:29.757"	"80.773614575574371"	"0.047842520705603027"	"777.86285329770863"	"0.00098971000021391285"	"38241.941952506597"	"1000000000"	"100000"	"204846.79594178812"	"0"	"16044896256"	"47271936"	"601.35571508239741"	"19527.641471506726"	"92.461125920397151"
"09/26/2022 10:51:30.760"	"69.365780904679809"	"0.15501067518819733"	"1100.1279148121957"	"0.0013259291965181663"	"38546.219401631912"	"1000000000"	"100000"	"297054.48492159223"	"0"	"16059682816"	"36061184"	"945.53151699180557"	"27071.32535252277"	"83.245201352283601"
"09/26/2022 10:51:31.760"	"79.492892820589773"	"0.034186192196971645"	"803.55017366493769"	"0.0012074626891208082"	"36145.671641791043"	"1000000000"	"100000"	"219669.02956488059"	"0"	"16031031296"	"59625472"	"483.72920902217641"	"17253.341601962464"	"92.581126483013506"
"09/26/2022 10:51:32.760"	"76.926861138091581"	"0.035296265655093688"	"1064.2693458362387"	"0.00082786118128338885"	"33763.181988742966"	"1000000000"	"100000"	"245488.80010223362"	"0"	"16044564480"	"52731904"	"648.94472307087722"	"22379.607557471976"	"88.282489712588415"
"09/26/2022 10:51:33.776"	"76.058441000338576"	"0.037805244118995551"	"1099.7865272519907"	"0.00092860952708344769"	"35443.907308377893"	"1000000000"	"100000"	"293419.51674400573"	"0"	"16048844800"	"48164864"	"947.85523338028077"	"24075.718968238321"	"90.001054411886756"
"09/26/2022 10:51:34.760"	"72.510456549237674"	"0.042052712770728307"	"1012.4634221643926"	"0.00085005060273669831"	"37595.576185671038"	"1000000000"	"100000"	"265757.85593046463"	"0"	"16021827584"	"75239424"	"1041.0698558885126"	"23577.831338758682"	"90.08040498997083"
"09/26/2022 10:51:35.762"	"74.2369288765871"	"0.064028352273805614"	"891.45463609843739"	"0.001112107456444041"	"38563.013452914798"	"1000000000"	"100000"	"241530.23939797998"	"0"	"16035590144"	"60207104"	"564.65456210270975"	"22022.527310611171"	"82.051334556631133"
"09/26/2022 10:51:36.777"	"77.769499295541522"	"0.04419784214125453"	"958.64408696737121"	"0.001028848151579711"	"35845.219164118243"	"1000000000"	"100000"	"246810.29813353831"	"0"	"16042696704"	"51535872"	"716.29573470650678"	"22070.312644401711"	"89.618064691662951"
"09/26/2022 10:51:37.778"	"80.841495474676066"	"0.019197980372464816"	"755.09694192038842"	"0.00097336869118223336"	"34295.137150466042"	"1000000000"	"100000"	"237361.85814502501"	"0"	"16053567488"	"35987456"	"484.6294620580922"	"16906.731129682201"	"92.969489609693056"
"09/26/2022 10:51:38.763"	"73.449095273882364"	"0.051927557001143015"	"1214.5054113223416"	"0.0008282374879417481"	"35146.212197159562"	"1000000000"	"100000"	"262718.72611906147"	"0"	"16029966336"	"67596288"	"786.33391292799899"	"25758.26973871369"	"84.945318862583662"
"09/26/2022 10:51:39.748"	"77.660390214638468"	"0.041036946761773517"	"895.30804916880277"	"0.00098727257795419143"	"36442.763636363634"	"1000000000"	"100000"	"254190.16390514813"	"0"	"16039313408"	"55717888"	"438.49746499062957"	"20372.32770063194"	"93.65146244403256"
"09/26/2022 10:51:40.751"	"79.060338754803652"	"0.03689748403037002"	"610.23967367243893"	"0.0016403594515439295"	"36034.091503267977"	"1000000000"	"100000"	"221945.76471250571"	"0"	"16050688000"	"37421056"	"195.4362353591471"	"15981.897858859234"	"85.19737760605932"
"09/26/2022 10:51:41.754"	"76.302604071307115"	"0.03410506514067442"	"885.61520815616655"	"0.0011102478948540404"	"36209.009009009009"	"1000000000"	"100000"	"197502.16456306112"	"0"	"16028278784"	"62537728"	"439.81566080728538"	"20091.896377831228"	"91.819640847736238"
"09/26/2022 10:51:42.754"	"68.882595121024494"	"0.05339426011703742"	"1476.7763889886787"	"0.00079004731847503616"	"34900.582261340554"	"1000000000"	"100000"	"338362.76567583933"	"0"	"16033808384"	"65351680"	"1198.8184769109178"	"29932.467675798289"	"82.033181432995946"
"09/26/2022 10:51:43.754"	"80.489673174931653"	"0.023796946851718924"	"788.65490566787969"	"0.00092737626874814228"	"32456.517110266159"	"1000000000"	"100000"	"196963.81389335322"	"0"	"16052932608"	"44507136"	"384.83160796214656"	"16427.811628202282"	"89.063903101232114"
"09/26/2022 10:51:44.769"	"77.980203927020256"	"0.032391246880865684"	"1025.3043888620753"	"0.00072600775512666853"	"33286.879078694816"	"1000000000"	"100000"	"272254.72240448161"	"0"	"16061145088"	"37294080"	"542.17151464779602"	"20886.887008037687"	"83.462870425659389"
"09/26/2022 10:51:45.770"	"80.381367041179772"	"0.035496187709440005"	"827.66352382080674"	"0.00081003630641775356"	"38617.305925030232"	"1000000000"	"100000"	"223268.99096636489"	"0"	"16033492992"	"59092992"	"699.56082605894062"	"20413.365048818614"	"84.376677944788739"
"09/26/2022 10:51:46.754"	"76.807295001771507"	"0.10726509756248193"	"560.26943226274454"	"0.0022922660693461966"	"37689.093525179858"	"1000000000"	"100000"	"225814.78085159618"	"0"	"16038678528"	"48750592"	"371.83349011682145"	"15166.574145659295"	"86.509331657180752"
"09/26/2022 10:51:47.754"	"73.087333138753735"	"0.065693108792887631"	"1287.5921149849546"	"0.00085219097171403547"	"37221.358372456962"	"1000000000"	"100000"	"239536.4636321619"	"0"	"16049709056"	"47267840"	"1299.6821817923251"	"27146.230004815818"	"91.01656236260817"
"09/26/2022 10:51:48.770"	"78.436059597622133"	"0.026483368936563768"	"991.78748839131185"	"0.00082650852327240609"	"33092.114737883283"	"1000000000"	"100000"	"264676.78686244262"	"0"	"16018878464"	"73060352"	"398.28458979908271"	"21932.139345167714"	"93.846800897638531"
"09/26/2022 10:51:49.754"	"78.457774501142026"	"0.041849563819873786"	"913.85110039881545"	"0.00096796852744393026"	"38221.714285714283"	"1000000000"	"100000"	"240132.73524564499"	"0"	"16028291072"	"65687552"	"766.98217354900578"	"22063.996489874524"	"95.238596349377218"
"09/26/2022 10:51:50.755"	"76.119206296547148"	"0.032495392153392651"	"1043.8248678920297"	"0.00078055562905721154"	"37785.992337164753"	"1000000000"	"100000"	"247318.50509748323"	"0"	"16049565696"	"49360896"	"788.86764441265473"	"23293.091903525496"	"84.767789927388293"
"09/26/2022 10:51:51.755"	"79.544535290425543"	"0.018398736006836329"	"839.06790216488923"	"0.00095800701879981054"	"35960.256227758007"	"1000000000"	"100000"	"245025.74347276325"	"0"	"16056332288"	"37646336"	"429.98497477488985"	"19037.783825276198"	"92.969233013691948"
"09/26/2022 10:51:52.755"	"73.222179871189752"	"0.082491189940914311"	"784.5409131381515"	"0.0016051216836148626"	"39806.197183098593"	"1000000000"	"100000"	"234645.03679422312"	"0"	"16028499968"	"63606784"	"702.1691399277438"	"20026.386228325464"	"87.110746572266081"
"09/26/2022 10:51:53.786"	"72.293077065234613"	"0.042565263990930788"	"1250.3945379514714"	"0.0011216551755008524"	"35314.932714617171"	"1000000000"	"100000"	"334359.17423495522"	"0"	"16029564928"	"65024000"	"531.87702697085012"	"28518.279137037036"	"92.046287736918359"
"09/26/2022 10:51:54.771"	"77.523316925314731"	"0.041240129286789551"	"1052.1862805933044"	"0.00081142293584120456"	"37629.273959341721"	"1000000000"	"100000"	"246392.89571686386"	"0"	"16050147328"	"48066560"	"960.51467821828282"	"23426.168700256931"	"92.461101213028627"
"09/26/2022 10:51:55.755"	"74.01382031477992"	"0.039513313802853757"	"1125.798857113853"	"0.00085423439191830743"	"36908.281081081084"	"1000000000"	"100000"	"289005.75165278593"	"0"	"16018976768"	"81080320"	"1044.6602007452871"	"23824.337976220188"	"90.873978634165937"
"09/26/2022 10:51:56.755"	"78.326760024845385"	"0.029996844331976275"	"910.16139451747711"	"0.000820175221914748"	"36136.42105263158"	"1000000000"	"100000"	"257932.95291515352"	"0"	"16037896192"	"61440000"	"606.77426301165133"	"20491.605168451049"	"89.063650503966983"
"09/26/2022 10:51:57.758"	"70.919970082273736"	"0.066915981052106707"	"955.59840012326492"	"0.0011912043163991907"	"35770.303664921463"	"1000000000"	"100000"	"257833.45649901772"	"0"	"16049541120"	"47271936"	"398.2493856011094"	"22021.790146505566"	"78.964098728496637"
"09/26/2022 10:51:58.758"	"81.486484662352794"	"0.14448490132781125"	"771.01062804023798"	"0.0014352636212309918"	"36310.486486486487"	"1000000000"	"100000"	"213733.67209279153"	"0"	"16051396608"	"39735296"	"444.5466684195967"	"17193.437776130249"	"92.969484688850017"
"09/26/2022 10:51:59.758"	"78.766737369249967"	"0.033196517685294816"	"911.88414498841473"	"0.00094079384928469941"	"37211.730981256893"	"1000000000"	"100000"	"235941.72808995721"	"0"	"16024887296"	"66564096"	"637.41405504151589"	"20511.863645042598"	"92.578898473550126"
"09/26/2022 10:52:00.758"	"67.157908124902008"	"0.048294900058553816"	"1240.5214821901111"	"0.0012951535633136473"	"35818.4943457189"	"1000000000"	"100000"	"303951.81201829977"	"0"	"16029245440"	"67645440"	"736.49700275422583"	"26649.167058841682"	"79.689644773511915"
"09/26/2022 10:52:01.774"	"70.569789022125036"	"0.2106854750381523"	"744.17757979220119"	"0.0022191294301397877"	"37620.517150395775"	"1000000000"	"100000"	"214356.52297713669"	"0"	"16042356736"	"48492544"	"757.92228443216266"	"17893.64191199559"	"93.462232807253002"
"09/26/2022 10:52:02.758"	"78.102280161990365"	"0.02447997076217932"	"841.42572805301882"	"0.000927118397990488"	"37587.990314769973"	"1000000000"	"100000"	"234293.26222849663"	"0"	"16056369152"	"36859904"	"234.29529957892774"	"20249.22593491272"	"89.683622279942583"
"09/26/2022 10:52:03.758"	"76.266946210480171"	"0.02399746586760438"	"703.62718211186234"	"0.0012137394563802126"	"35193.110481586402"	"1000000000"	"100000"	"219699.11618234977"	"0"	"16033218560"	"57712640"	"315.93458460263508"	"16252.193284274985"	"79.299056019684315"
"09/26/2022 10:52:04.759"	"74.907074831482831"	"0.027297111965554045"	"1041.5998233246648"	"0.00092001918289974093"	"35020.015325670502"	"1000000000"	"100000"	"267192.30410434084"	"0"	"16046301184"	"48754688"	"525.78841656331269"	"23250.423642488498"	"85.157820302611981"
"09/26/2022 10:52:05.759"	"80.73657917479207"	"0.018798039364494284"	"813.40154383864399"	"0.00092410393530907564"	"33851.490729295423"	"1000000000"	"100000"	"226441.33757375035"	"0"	"16045498368"	"41877504"	"158.85963402534702"	"17980.296425792916"	"92.969483282893592"
"09/26/2022 10:52:06.759"	"71.682459005312637"	"0.046095150790136881"	"1314.3848029163889"	"0.0008456272534722607"	"36459.072243346011"	"1000000000"	"100000"	"294056.36707922752"	"0"	"16017317888"	"78774272"	"451.78854062221131"	"29957.978184798489"	"91.407153967402635"
"09/26/2022 10:52:07.759"	"79.361674960296668"	"0.026297241419375107"	"854.28885627016518"	"0.0010004684423751749"	"36988.70257611241"	"1000000000"	"100000"	"268242.69951587508"	"0"	"16038420480"	"54038528"	"678.22932617233255"	"20176.822284507296"	"91.01657236155927"
"09/26/2022 10:52:08.759"	"75.808413119209519"	"0.028393787439308281"	"981.71057540927836"	"0.00087637492992740415"	"36058.981670061097"	"1000000000"	"100000"	"253775.18285910928"	"0"	"16049405952"	"47833088"	"294.91305473089318"	"22656.320540224515"	"81.644636153609596"
"09/26/2022 10:52:09.775"	"76.043815572284842"	"0.026089605290853812"	"840.85227577462945"	"0.0010078453752555526"	"35372.365339578457"	"1000000000"	"100000"	"235178.70161876449"	"0"	"16055689216"	"39899136"	"433.22599688622591"	"19124.95855345012"	"87.309011782853361"
"09/26/2022 10:52:10.759"	"79.214488069323977"	"0.026206755045054288"	"921.43371156136857"	"0.00082222211606479227"	"33957.597359735977"	"1000000000"	"100000"	"258834.68292354562"	"0"	"16030117888"	"67317760"	"555.49579090828388"	"18389.140771655431"	"84.922227899223856"
"09/26/2022 10:52:11.759"	"80.776526542365701"	"0.021897702930962541"	"665.70083613654663"	"0.0015504492197438004"	"36955.976047904194"	"1000000000"	"100000"	"196941.81233379734"	"0"	"16042115072"	"51654656"	"473.36511551625699"	"14752.050115762426"	"89.454226251666199"
"09/26/2022 10:52:12.760"	"76.891934036119608"	"0.035396286929501093"	"1050.1055012793861"	"0.00081051613658254091"	"37810.661567877629"	"1000000000"	"100000"	"243138.57661936132"	"0"	"16050704384"	"48078848"	"723.82989141724408"	"22897.52033764841"	"90.235404306088299"
"09/26/2022 10:52:13.760"	"78.801710060101684"	"0.035296286830625419"	"872.08577363456459"	"0.0009616532650294034"	"38288.90011481056"	"1000000000"	"100000"	"234345.76769490744"	"0"	"16059174912"	"37384192"	"454.56594859941714"	"20830.935155530558"	"92.188321788547839"
"09/26/2022 10:52:14.777"	"74.646793878432177"	"0.059461896374524634"	"747.68285438991791"	"0.001672536146105065"	"38473.335085413928"	"1000000000"	"100000"	"222184.62031201686"	"0"	"16034127872"	"60293120"	"476.51272585954035"	"19037.911523670748"	"89.250173692622099"
"09/26/2022 10:52:15.777"	"76.51691981326772"	"0.029896842893390459"	"999.05462096442466"	"0.00094311395174537281"	"34251.880239520957"	"1000000000"	"100000"	"239619.56171446739"	"0"	"16044687360"	"53043200"	"590.25981597898146"	"20144.610341282671"	"93.750659930311357"
"09/26/2022 10:52:16.762"	"77.421787437680138"	"0.020416923740453563"	"1097.8268008870264"	"0.00077796141412487033"	"33922.703397612488"	"1000000000"	"100000"	"281946.92348217039"	"0"	"16050999296"	"46555136"	"415.33943247516521"	"23773.141982110061"	"91.667528375968814"
"09/26/2022 10:52:17.762"	"67.712571930859184"	"0.07939129077540194"	"1237.9405869207974"	"0.0012277549009178906"	"30731.702857142856"	"1000000000"	"100000"	"281973.55935196934"	"0"	"16016773120"	"77471744"	"264.76770103938685"	"24040.300916129672"	"79.689728036834367"
"09/26/2022 10:52:18.762"	"78.937051038960377"	"0.013898600410938619"	"691.57048508429284"	"0.0012618496857635783"	"34372.069364161849"	"1000000000"	"100000"	"202848.01682008561"	"0"	"16040857600"	"52277248"	"282.82434577869202"	"14092.247702563025"	"89.063601295349557"
"09/26/2022 10:52:19.793"	"75.172682404288636"	"0.050418927963665795"	"1159.6460134370411"	"0.00081253120360723851"	"31928.404979253111"	"1000000000"	"100000"	"263885.38984275295"	"0"	"16052830208"	"41844736"	"492.72926048113277"	"22935.969658294605"	"89.77381002361254"
"09/26/2022 10:52:20.778"	"73.452395656258034"	"0.030674996180861402"	"1133.0236949380251"	"0.00082133809379152979"	"32979.095840867994"	"1000000000"	"100000"	"259487.01255010115"	"0"	"16059252736"	"35405824"	"388.26038009178251"	"23983.0178320019"	"88.890471167941342"
"09/26/2022 10:52:21.778"	"76.674763113679333"	"0.049096646699030459"	"997.94193296772914"	"0.001375175377610903"	"35592.968968968969"	"1000000000"	"100000"	"247477.61208551074"	"0"	"16029679616"	"66514944"	"456.51597934559783"	"22568.072221828766"	"95.312820134384822"
"09/26/2022 10:52:22.762"	"74.821324219609835"	"0.021737392591632505"	"1263.9238071130237"	"0.00071761859638647867"	"32386.162510056314"	"1000000000"	"100000"	"290558.08530565753"	"0"	"16049020928"	"49422336"	"464.69282369320342"	"25215.43247690166"	"84.922223304577344"
"09/26/2022 10:52:23.762"	"78.771610823447304"	"0.026597167401671722"	"845.87110554141941"	"0.00091347518579900061"	"35784.321513002367"	"1000000000"	"100000"	"240159.40433407418"	"0"	"16057053184"	"40091648"	"666.89837753679285"	"17700.302814893319"	"93.750665554118484"
"09/26/2022 10:52:24.763"	"75.647140262126769"	"0.033996467766999008"	"1074.2627825910317"	"0.0010327154637362833"	"37866.172381835029"	"1000000000"	"100000"	"289889.66254074656"	"0"	"16024068096"	"72761344"	"613.29552741063537"	"24771.763015428602"	"90.625973961305419"
"09/26/2022 10:52:25.763"	"73.287260865252634"	"0.065593073371451968"	"1021.9531446952047"	"0.0010368368860068364"	"31581.045186640473"	"1000000000"	"100000"	"241596.549812021"	"0"	"16037068800"	"59797504"	"454.75911055690352"	"19802.600915773684"	"82.814314808356244"
"09/26/2022 10:52:26.763"	"75.617045086856862"	"0.019797917259104344"	"1103.6727461191047"	"0.0010840036044355321"	"34279.749776586235"	"1000000000"	"100000"	"315796.37819294655"	"0"	"16045416448"	"51150848"	"183.45230632542757"	"24832.143636318764"	"91.016565057355976"
"09/26/2022 10:52:27.778"	"75.930499349483597"	"0.027172535261533192"	"1088.5834028997679"	"0.00076232826093814636"	"34412.406966086157"	"1000000000"	"100000"	"253275.74136138524"	"0"	"16059011072"	"37384192"	"507.87255002381471"	"23035.86161571672"	"86.539877910648627"
"09/26/2022 10:52:28.764"	"79.196836104664442"	"0.025776520208335173"	"850.94769431636723"	"0.00081849642280402285"	"34356.544152744631"	"1000000000"	"100000"	"220984.41423927978"	"0"	"16036585472"	"60469248"	"370.63950886094756"	"18220.232075320499"	"81.368467339271476"
"09/26/2022 10:52:29.826"	"77.111835217447563"	"0.013363290945664576"	"946.77072723614901"	"0.00088059388001117736"	"34090.07524752475"	"1000000000"	"100000"	"229195.38252543853"	"0"	"16046235648"	"51769344"	"220.28823851534159"	"19235.381507807702"	"84.192854874189791"
"09/26/2022 10:52:30.748"	"74.94652603328862"	"0.014642230122277807"	"829.03492057500944"	"0.0011278581263249462"	"37186.943495400788"	"1000000000"	"100000"	"258173.0219282381"	"0"	"16053600256"	"41242624"	"145.97986774908182"	"19624.487594268357"	"84.323995892800212"
"09/26/2022 10:52:31.764"	"78.156981869470513"	"0.027074598493549651"	"864.85738689197478"	"0.00096075098316877005"	"35978.630261660976"	"1000000000"	"100000"	"219038.17004538272"	"0"	"16026320896"	"69517312"	"339.44914502586039"	"19237.419372596007"	"94.231269448176363"
"09/26/2022 10:52:32.750"	"73.563466024481201"	"0.03022669820792195"	"1253.0364313108448"	"0.00080113169987225592"	"34383.883589329023"	"1000000000"	"100000"	"314053.27158045792"	"0"	"16032444416"	"66465792"	"644.24508513637613"	"25502.380917285231"	"89.302102053853432"
"09/26/2022 10:52:33.750"	"76.567542460841622"	"0.02419606330050101"	"953.23156925687852"	"0.00099497387627385265"	"35744.569633507854"	"1000000000"	"100000"	"250453.36009926436"	"0"	"16044052480"	"53207040"	"521.03338131108967"	"21349.392706633902"	"88.283156330465033"
"09/26/2022 10:52:34.750"	"76.257076889711158"	"0.029096976824107976"	"1059.6031250984875"	"0.00081381250791335766"	"38770.558183538313"	"1000000000"	"100000"	"292606.84671593882"	"0"	"16054022144"	"44437504"	"647.59093549065551"	"24266.615751427707"	"94.141238725296432"
"09/26/2022 10:52:35.750"	"71.802446382640554"	"0.029596886407549927"	"1229.3339158826132"	"0.00079480962649902285"	"35847.474452554743"	"1000000000"	"100000"	"340045.92485881923"	"0"	"16015974400"	"83050496"	"657.04059251146964"	"27389.320359457637"	"76.955544276742089"
"09/26/2022 10:52:36.751"	"76.50694381881587"	"0.067892850882802044"	"650.39112702058276"	"0.0017338954319545134"	"38882.159509202451"	"1000000000"	"100000"	"194431.03581263163"	"0"	"16044494848"	"50233344"	"696.27761757724966"	"15436.813942704783"	"87.89190498240535"
"09/26/2022 10:52:37.751"	"73.992075448719447"	"0.019897868938236713"	"1204.634290866933"	"0.00079231414736000442"	"34646.616541353382"	"1000000000"	"100000"	"293493.99898303015"	"0"	"16048148480"	"49135616"	"414.62767572028099"	"25453.308675527544"	"89.454249449883918"
"09/26/2022 10:52:38.751"	"79.20673873714972"	"0.012798665099230151"	"863.93874921288909"	"0.0011136573545345607"	"33384.296296296299"	"1000000000"	"100000"	"220700.35297600931"	"0"	"16059277312"	"38277120"	"224.98404927418989"	"18567.683604321919"	"88.282472138155981"
"09/26/2022 10:52:39.751"	"74.577229052732704"	"0.031796686785236977"	"1104.8887027001713"	"0.00088995486354240456"	"36700.901357466064"	"1000000000"	"100000"	"287383.05142123223"	"0"	"16027938816"	"69750784"	"452.95437314314711"	"26282.352534365611"	"90.235397471583468"
"09/26/2022 10:52:40.751"	"75.182038222152272"	"0.016698231657267495"	"1098.6423556568409"	"0.00074025377518149296"	"34364.808703535811"	"1000000000"	"100000"	"294362.44366932561"	"0"	"16038420480"	"59662336"	"303.79503034935311"	"23472.897328566738"	"81.642564052466838"
"09/26/2022 10:52:41.751"	"77.796815774980473"	"0.068392805076905913"	"665.13081887416115"	"0.0014925597262200204"	"38485.333333333336"	"1000000000"	"100000"	"207495.08126062708"	"0"	"16052449280"	"40165376"	"337.5142994584657"	"16019.55699922366"	"88.673071592868439"
"09/26/2022 10:52:42.759"	"73.108397753357252"	"0.022233767017516833"	"687.52543406248128"	"0.0014026354619784754"	"37139.865300146412"	"1000000000"	"100000"	"173331.90632013575"	"0"	"16027041792"	"61988864"	"536.53156128155558"	"15271.520293062815"	"80.61369365799662"
"09/26/2022 10:52:43.759"	"76.906878633616287"	"0.037296061535901807"	"891.90157355039355"	"0.0013801569250660652"	"37145.255605381164"	"1000000000"	"100000"	"240149.4981267257"	"0"	"16027176960"	"66469888"	"591.93467661640466"	"20893.694261108772"	"88.282487369333793"
"09/26/2022 10:52:44.759"	"76.461933266040432"	"0.016098301629178122"	"1013.8290423099744"	"0.00083307154794162394"	"34339.674190382728"	"1000000000"	"100000"	"250637.64182783072"	"0"	"16046825472"	"49713152"	"257.68569377652932"	"21836.623965279017"	"86.720151024066965"
"09/26/2022 10:52:45.759"	"76.227049518735186"	"0.045695233987095144"	"995.63194260464297"	"0.00099838554536076964"	"36925.997981836532"	"1000000000"	"100000"	"269439.50369260221"	"0"	"16053035008"	"44736512"	"378.76210127341113"	"22131.963737273138"	"93.750651807016524"
"09/26/2022 10:52:46.759"	"77.947693544787668"	"0.026783744945192763"	"960.98142859340305"	"0.00077349253434653368"	"37566.536382536382"	"1000000000"	"100000"	"277937.40627900179"	"0"	"16021667840"	"76288000"	"514.45471489147872"	"22773.861339992101"	"85.946029354784585"
"09/26/2022 10:52:47.760"	"76.176955713476659"	"0.012098722374917209"	"589.76500964364072"	"0.0017005066557476227"	"36998.91891891892"	"1000000000"	"100000"	"219687.46609225616"	"0"	"16041078784"	"49766400"	"151.42615112471856"	"14301.801483858288"	"82.423726054528643"
"09/26/2022 10:52:48.760"	"77.596891124877459"	"0.018998014707463071"	"973.17123516067716"	"0.001155314941553826"	"36564.408668730648"	"1000000000"	"100000"	"236557.94160442369"	"0"	"16048799744"	"44052480"	"404.73478614009588"	"20558.116804684276"	"96.484747343902569"
"09/26/2022 10:52:49.760"	"80.45156063128978"	"0.010098940621128843"	"916.44370061478367"	"0.00080119039369865106"	"34532.294372294375"	"1000000000"	"100000"	"232639.82849437493"	"0"	"16022519808"	"73539584"	"154.72426114275569"	"19600.390055789347"	"88.282479167935278"
"09/26/2022 10:52:50.776"	"74.233010050863129"	"0.020375565975639682"	"1147.0964742643935"	"0.0008160034009314799"	"33933.730103806229"	"1000000000"	"100000"	"279986.80032737134"	"0"	"16031698944"	"66404352"	"422.71894293826267"	"23834.997674594058"	"85.773395948333459"
"09/26/2022 10:52:51.760"	"80.357224481172267"	"0.020010584278587963"	"855.79310736483706"	"0.00077482293923899885"	"32666.326241134753"	"1000000000"	"100000"	"197429.24440235845"	"0"	"16051900416"	"47837184"	"484.54479719593024"	"15191.8450193914"	"83.335093993878999"
"09/26/2022 10:52:52.776"	"79.179366049187394"	"0.015456836145132012"	"831.69397991456424"	"0.00088289765923626898"	"35287.866983372922"	"1000000000"	"100000"	"237664.95072119156"	"0"	"16053583872"	"41115648"	"178.78457287949658"	"17860.677606668825"	"91.154781212914671"
"09/26/2022 10:52:53.761"	"78.129799654031416"	"0.03970464214287274"	"627.99205370723757"	"0.0014482201477803345"	"37805.152103559871"	"1000000000"	"100000"	"192211.29601114098"	"0"	"16023539712"	"64704512"	"191.03965387857716"	"15608.34618922843"	"84.530035647863485"
"09/26/2022 10:52:54.761"	"77.676828397652571"	"0.023697507022261258"	"1089.8262109926736"	"0.00076712069344675752"	"33686.902815622161"	"1000000000"	"100000"	"252090.36356454054"	"0"	"16037220352"	"59297792"	"431.57513895804334"	"23395.133966223289"	"86.329568129432786"
"09/26/2022 10:52:55.761"	"78.956662176474168"	"0.01489842672613772"	"798.29732534110212"	"0.0010641869045674589"	"33316.802017654474"	"1000000000"	"100000"	"211323.29487128562"	"0"	"16052465664"	"43900928"	"310.05747314635494"	"15036.780767490594"	"91.7977361590616"
"09/26/2022 10:52:56.761"	"71.907478477751226"	"0.014098525294254221"	"1263.1994641481717"	"0.00080976959628627785"	"36219.831612390786"	"1000000000"	"100000"	"339954.16619582218"	"0"	"16058150912"	"38412288"	"245.81721105345676"	"28254.932573373044"	"90.235401377015961"
"09/26/2022 10:52:57.761"	"80.691511253016174"	"0.0099989481106587588"	"833.67775138558989"	"0.00075089805606252447"	"34430.926946107786"	"1000000000"	"100000"	"237178.8242280285"	"0"	"16034217984"	"62291968"	"62.900237529691211"	"17597.090261282661"	"86.329558130484671"
"09/26/2022 10:52:58.761"	"78.60170751985666"	"0.017898111749210459"	"769.07545505974781"	"0.001189713821365511"	"36085.333333333336"	"1000000000"	"100000"	"215996.04323392871"	"0"	"16042475520"	"52674560"	"147.20584882002984"	"17418.357376704756"	"88.282486197706149"
"09/26/2022 10:52:59.761"	"77.286792142674443"	"0.037695996685152035"	"787.11265545059086"	"0.0011843234521299647"	"32918.169405815424"	"1000000000"	"100000"	"213023.93025062035"	"0"	"16050003968"	"47292416"	"135.33163228986137"	"16049.734538258635"	"83.595492158732739"
"09/26/2022 10:53:00.761"	"80.841568224434184"	"0.018198101937967871"	"825.87711869720238"	"0.00077172353736734982"	"33985.864077669903"	"1000000000"	"100000"	"227428.91839541213"	"0"	"16062439424"	"34607104"	"566.2871020193196"	"17447.65641053507"	"91.797735496187755"
"09/26/2022 10:53:01.762"	"78.091761319180833"	"0.051994514578711945"	"923.19655840938913"	"0.0014776821203570942"	"34298.506437768243"	"1000000000"	"100000"	"231232.01180838258"	"0"	"16033525760"	"62910464"	"180.28087299410819"	"18909.68057943695"	"92.188324131804094"
"09/26/2022 10:53:02.762"	"74.34717867680321"	"0.022197664805662445"	"1134.1601040174332"	"0.00073880480629918196"	"33973.78055307761"	"1000000000"	"100000"	"284452.61513354984"	"0"	"16042983424"	"55529472"	"481.58805487270138"	"21855.599078487594"	"82.423719024758597"
"09/26/2022 10:53:03.762"	"78.561806003633819"	"0.020397872501898052"	"986.02588961022582"	"0.00076215939684534672"	"34880.064581231083"	"1000000000"	"100000"	"280309.94724979944"	"0"	"16052420608"	"44912640"	"269.63977405082869"	"21742.318607227706"	"92.188314758770659"
"09/26/2022 10:53:04.762"	"77.34678577135108"	"0.0075991929657070415"	"594.38076017921196"	"0.0015369128205748278"	"35723.167785234902"	"1000000000"	"100000"	"194956.88933878153"	"0"	"16032444416"	"63447040"	"64.823405053101979"	"13422.433978610761"	"84.76724771829231"
"09/26/2022 10:53:05.762"	"78.551783483447636"	"0.017498169691450273"	"878.40990524836388"	"0.0009121420427678534"	"36638.790378006874"	"1000000000"	"100000"	"238436.47013389954"	"0"	"16036265984"	"57593856"	"405.4973560310317"	"18555.277276844306"	"92.578896247452519"
"09/26/2022 10:53:06.762"	"73.842187496562858"	"0.023897471647499696"	"1153.4148460535978"	"0.00085774888597428881"	"33097.807792207794"	"1000000000"	"100000"	"268135.49768378807"	"0"	"16046731264"	"51916800"	"602.17242612148868"	"21028.100790779747"	"82.423739568353668"
"09/26/2022 10:53:07.762"	"81.354114819437157"	"0.0099986621790004501"	"840.16699601692039"	"0.00079021458949551752"	"34385.871121718374"	"1000000000"	"100000"	"214671.69075555008"	"0"	"16062275584"	"34816000"	"114.29479420755241"	"19472.223623676167"	"90.235676466488783"
"09/26/2022 10:53:08.762"	"80.588875245481333"	"0.010999164063531172"	"735.09481385774234"	"0.00092008145674355715"	"36691.712347354136"	"1000000000"	"100000"	"232042.60227289092"	"0"	"16030842880"	"59478016"	"96.749249585075987"	"17423.841659811264"	"94.141075278278848"
"09/26/2022 10:53:09.784"	"69.491384310835357"	"0.04334039595903149"	"837.53705044049639"	"0.0018512224567377349"	"40244.749708963915"	"1000000000"	"100000"	"253093.16649161073"	"0"	"16040296448"	"54439936"	"319.80460133234322"	"21157.804417414172"	"72.866388016292461"
"09/26/2022 10:53:10.753"	"76.879710733701927"	"0.018165844249354288"	"1027.2062933777593"	"0.00078281090507058488"	"35604.966632962591"	"1000000000"	"100000"	"245715.2235208663"	"0"	"16047816704"	"48730112"	"363.52093294460644"	"22015.866330362351"	"93.549060990996352"
"09/26/2022 10:53:11.753"	"81.431433413204928"	"0.01409851683602885"	"833.36851426351154"	"0.0012564595309131181"	"33958.583732057414"	"1000000000"	"100000"	"243267.84539092143"	"0"	"16055451648"	"37306368"	"140.5561728602334"	"19400.739263871365"	"88.282482682821779"
"09/26/2022 10:53:12.759"	"72.777381165828317"	"0.01531422654852437"	"814.90756547749322"	"0.0015799263903310298"	"36422.81517747858"	"1000000000"	"100000"	"251510.19838499729"	"0"	"16030416896"	"62832640"	"106.72596022777452"	"19135.864924951908"	"89.123418644513947"
"09/26/2022 10:53:13.759"	"72.667355394212535"	"0.022997580654515144"	"1228.875030673528"	"0.00083165176421605175"	"36616.956875508542"	"1000000000"	"100000"	"324029.04816120816"	"0"	"16033570816"	"63033344"	"155.98413733528915"	"27471.206340703426"	"87.891903771723207"
"09/26/2022 10:53:14.759"	"79.246663251025993"	"0.015698348533734252"	"840.8556849268715"	"0.00079001175145255347"	"33947.852556480379"	"1000000000"	"100000"	"210297.9068173705"	"0"	"16056721408"	"41095168"	"245.95778655411459"	"16490.169811532571"	"83.204886845903815"
"09/26/2022 10:53:15.759"	"76.032024240657165"	"0.049194839461340505"	"721.83068304798712"	"0.0015767219034250272"	"36254.67768595041"	"1000000000"	"100000"	"241165.02316632733"	"0"	"16022106112"	"66572288"	"178.96628505321993"	"18452.418246126159"	"86.329564028733387"
"09/26/2022 10:53:16.759"	"70.73253771727083"	"0.027197130702710865"	"1389.7217312426026"	"0.0008090253550698637"	"34190.509747292417"	"1000000000"	"100000"	"326521.39206290088"	"0"	"16022138880"	"74612736"	"540.83755461354713"	"28960.396106226708"	"87.501318610886543"
"09/26/2022 10:53:17.763"	"78.076073228391579"	"0.010761554347095003"	"913.30102175302909"	"0.0010731731650787809"	"34487.694656488551"	"1000000000"	"100000"	"253415.63639791083"	"0"	"16044269568"	"51216384"	"271.89877746845906"	"18602.657016688197"	"89.490664600713956"
"09/26/2022 10:53:18.750"	"74.453127968688648"	"0.023306185005509888"	"1146.1641948196896"	"0.00080434010831864915"	"36591.900797165632"	"1000000000"	"100000"	"294171.31450497976"	"0"	"16058937344"	"39313408"	"398.97478172199999"	"25250.129188268664"	"90.500196329275866"
"09/26/2022 10:53:19.750"	"72.822266275321553"	"0.017798109840734915"	"1111.1882566015056"	"0.00089551592178620178"	"35614.995515695067"	"1000000000"	"100000"	"301740.92877199774"	"0"	"16020766720"	"74346496"	"438.49581426427125"	"26122.391553397905"	"85.548414758352664"
"09/26/2022 10:53:20.750"	"76.212051083072041"	"0.0049994785543867777"	"584.39706146683136"	"0.0017781786937171114"	"42710.652920962202"	"1000000000"	"100000"	"175064.07229982162"	"0"	"16044982272"	"47247360"	"79.325374322817311"	"13663.042638108547"	"82.423703207755423"
"09/26/2022 10:53:21.750"	"73.520310023138947"	"0.011498484499742934"	"1223.7774016529181"	"0.00077630696980391116"	"33152.836601307186"	"1000000000"	"100000"	"296921.99153045507"	"0"	"16049119232"	"48029696"	"245.95526209691002"	"24882.474015470729"	"83.595912058790645"
"09/26/2022 10:53:22.750"	"82.093440734085348"	"0.0027997762978737998"	"714.97431113551966"	"0.001010349874327454"	"32470.109090909093"	"1000000000"	"100000"	"222326.01187692955"	"0"	"16054452224"	"37208064"	"62.99773650564719"	"14605.475228594965"	"92.969311751991015"
"09/26/2022 10:53:23.751"	"79.759253542108155"	"0.0089920240746457891"	"905.55721098314325"	"0.0010376495175000991"	"36128.591947769317"	"1000000000"	"100000"	"274968.16074520798"	"0"	"16023232512"	"66850816"	"62.078459512446166"	"20851.464789569418"	"93.365265009936181"
"09/26/2022 10:53:24.767"	"73.469175582813619"	"0.0091559575600692351"	"1102.0025886676301"	"0.000772191976680908"	"36463.304347826088"	"1000000000"	"100000"	"261336.32041582634"	"0"	"16031997952"	"63574016"	"191.65262411610959"	"22976.354697419847"	"86.155306108766268"
"09/26/2022 10:53:25.751"	"73.727024232661506"	"0.033620782559772619"	"696.80824519745397"	"0.0016107870971891446"	"36505.749271137029"	"1000000000"	"100000"	"193768.55871516315"	"0"	"16053792768"	"43192320"	"311.83692605775275"	"15189.60714093692"	"80.558218752656785"
"09/26/2022 10:53:26.751"	"77.444160710282432"	"0.010399215899121206"	"931.92525923497533"	"0.0008357296657781042"	"34402.884120171671"	"1000000000"	"100000"	"243310.48640520015"	"0"	"16060497920"	"33447936"	"151.98781051900886"	"18615.507029160446"	"92.969280116279236"
"09/26/2022 10:53:27.752"	"78.836777324125094"	"0.011798769388352795"	"924.18912365577785"	"0.00090140551305599849"	"33113.392432432433"	"1000000000"	"100000"	"238394.83422785214"	"0"	"16037253120"	"57610240"	"223.80363643123701"	"17176.929096097439"	"92.578904020310688"
"09/26/2022 10:53:28.752"	"79.676665820755147"	"0.0082991319108021294"	"912.2300854091668"	"0.00083802816484331683"	"34267.943661971833"	"1000000000"	"100000"	"241583.82790582351"	"0"	"16041558016"	"53735424"	"103.77482011696914"	"17400.566504565322"	"94.531821971421792"
"09/26/2022 10:53:29.753"	"78.005698580428103"	"0.010086513323035768"	"979.42940832469799"	"0.00074602038485605134"	"34193.240816326528"	"1000000000"	"100000"	"280004.87599134078"	"0"	"16055062528"	"42332160"	"153.91033559388111"	"19953.37565020673"	"83.615657504350935"
"09/26/2022 10:53:30.753"	"72.920017249638519"	"0.010998494306129491"	"991.48454521702593"	"0.00083663274445692907"	"36007.183673469386"	"1000000000"	"100000"	"251250.27750938389"	"0"	"16026374144"	"71110656"	"109.26564375861102"	"22094.929574484315"	"86.32999142417404"
"09/26/2022 10:53:31.753"	"79.864129986446002"	"0.020298508059657615"	"546.33917512188691"	"0.0014264598619760968"	"36819.153284671534"	"1000000000"	"100000"	"183958.78086704441"	"0"	"16047165440"	"46510080"	"186.43325866385558"	"12606.676769007774"	"83.985557061555966"
"09/26/2022 10:53:32.753"	"73.137305955413495"	"0.017098201269226478"	"1257.6342867732412"	"0.00083907485206812502"	"35658.717703349284"	"1000000000"	"100000"	"303176.11235370877"	"0"	"16043319296"	"53927936"	"323.93610416886514"	"27517.519585713071"	"87.891893772775106"
"09/26/2022 10:53:33.753"	"78.886669567693659"	"0.015498363372827829"	"872.80606814743601"	"0.0012485160218719737"	"33922.922374429225"	"1000000000"	"100000"	"272867.47335532616"	"0"	"16053633024"	"38125568"	"96.646334030024306"	"19328.270452045788"	"90.235411140583551"
"09/26/2022 10:53:34.754"	"75.482112119283542"	"0.023197575853323327"	"1098.8234499443956"	"0.00077695825313353216"	"35420.327868852459"	"1000000000"	"100000"	"245153.716332312"	"0"	"16025919488"	"71020544"	"333.24973481920193"	"22964.209203892573"	"92.188316320944466"
"09/26/2022 10:53:35.754"	"72.997313382900785"	"0.013198610186347378"	"1191.5400767643712"	"0.00075100827115875957"	"34674.016806722691"	"1000000000"	"100000"	"294466.60085321584"	"0"	"16036560896"	"61399040"	"279.3610768212265"	"22339.874498058729"	"79.299049810054996"
"09/26/2022 10:53:36.754"	"76.486976516163452"	"0.014498479109541409"	"886.2524683086117"	"0.0010318284690869002"	"35953.264108352145"	"1000000000"	"100000"	"279983.75946890929"	"0"	"16036741120"	"54960128"	"44.012537929547307"	"19697.611293378308"	"91.01657236155927"
"09/26/2022 10:53:37.754"	"73.8022138664371"	"0.031996624356130425"	"855.69835178806716"	"0.0012447951544454186"	"36279.541520467836"	"1000000000"	"100000"	"243794.9657335275"	"0"	"16054456320"	"38641664"	"252.20583000069348"	"18404.019872550605"	"87.110729818004202"
"09/26/2022 10:53:38.754"	"77.711793634592183"	"0.014398479520562628"	"962.7425664353708"	"0.00087950333035039701"	"33073.291925465841"	"1000000000"	"100000"	"226509.6061378523"	"0"	"16029790208"	"67211264"	"271.08279303356193"	"18484.457949976004"	"83.20490356218383"
"09/26/2022 10:53:39.754"	"75.66703982741015"	"0.022597622730088796"	"1067.3549244157646"	"0.001100375821177174"	"33842.045112781954"	"1000000000"	"100000"	"257387.02236536468"	"0"	"16041394176"	"55304192"	"284.89548734405741"	"20268.708879530564"	"90.235397236210744"
"09/26/2022 10:53:40.754"	"77.206900996085508"	"0.0057993916438165635"	"1013.92161050454"	"0.00071755427252149443"	"33466.824457593691"	"1000000000"	"100000"	"263047.66295089578"	"0"	"16052965376"	"44953600"	"115.99103236541089"	"19424.498230435103"	"74.612043196668679"
"09/26/2022 10:53:41.754"	"79.516658702502113"	"0.008899066487925416"	"853.5308389801495"	"0.00087578596863262725"	"36544.521536670545"	"1000000000"	"100000"	"236061.39178098956"	"0"	"16062640128"	"35160064"	"154.01313159711663"	"17770.134486986022"	"90.235394307137184"
"09/26/2022 10:53:42.754"	"73.582163499587296"	"0.037296027973020875"	"731.8440455799448"	"0.0014591277891736042"	"37985.65667574932"	"1000000000"	"100000"	"239364.85016672665"	"0"	"16033849344"	"61497344"	"346.97783087441525"	"16126.492633801128"	"79.299084647485046"
"09/26/2022 10:53:43.770"	"79.725793676773833"	"0.021363913593306891"	"719.58073887465969"	"0.0010660690996786586"	"36700.160000000003"	"1000000000"	"100000"	"186112.36230254199"	"0"	"16044072960"	"48087040"	"295.77249680641188"	"15579.667390504184"	"92.693068985258407"
"09/26/2022 10:53:44.755"	"74.831557891052285"	"0.010665553927732441"	"1117.9889371983038"	"0.00091581811742456312"	"35635.199999999997"	"1000000000"	"100000"	"290933.24477353535"	"0"	"16050438144"	"44924928"	"106.71712582347446"	"22751.074871985486"	"94.44502399597269"
"09/26/2022 10:53:45.755"	"88.036000941289942"	"0.0018993743460903978"	"505.95650048436869"	"0.00065889339931630173"	"29894.324110671936"	"1000000000"	"100000"	"103289.11973722196"	"0"	"16039440384"	"57573376"	"27.997592912178504"	"8712.2509658504041"	"50.016464576568474"
"09/26/2022 10:53:46.770"	"89.661604863458933"	"0.0042341980222159511"	"319.06175638252904"	"0.0008543212395429391"	"30972.839506172841"	"1000000000"	"100000"	"64460.322374344403"	"0"	"16058101760"	"39735296"	"198.9212184854039"	"4810.5453084217725"	"43.456844561408971"
"09/26/2022 10:53:47.760"	"97.743929201836593"	"0"	"86.932831951300741"	"0.00063023328031602919"	"28898.232558139534"	"1000000000"	"100000"	"14070.988613512864"	"0"	"16064503808"	"33333248"	"1.0108468831546598"	"1291.8623166716552"	"11.155948950568128"
"09/26/2022 10:53:48.772"	"96.632105645438742"	"0"	"34.572928081204225"	"0.0020657144543642391"	"21065.142857142859"	"1000000000"	"100000"	"4575.4800820610844"	"0"	"16065990656"	"31850496"	"0"	"431.66770204246416"	"3.1487298743204772"
"09/26/2022 10:53:49.760"	"98.391315653126128"	"0.0013157978638932617"	"44.531039581249338"	"0.00081817516884076784"	"33885.090909090912"	"1000000000"	"100000"	"4791.1350313098719"	"0"	"16065703936"	"32575488"	"52.627592232385581"	"700.35180432328502"	"6.6922187864153386"
"09/26/2022 10:53:50.760"	"99.524530019441954"	"0.0005999368866395255"	"29.999778648569315"	"0.00044667337355756934"	"16247.466666666667"	"1000000000"	"100000"	"3141.9768171268265"	"0"	"16066646016"	"31641600"	"1.9999852432379543"	"204.99848743189031"	"1.9634334468013992"
"09/26/2022 10:53:51.760"	"99.95444481062799"	"0"	"1.9997895763299032"	"0.0025498910557963704"	"4096"	"1000000000"	"100000"	"0"	"0"	"16066646016"	"31641600"	"0"	"0"	"0.010558884981748395"
"09/26/2022 10:53:52.760"	"99.874563108155201"	"0"	"14.99865756569989"	"0.00069333767912488754"	"6007.4666666666662"	"1000000000"	"100000"	"0"	"0"	"16066650112"	"31641600"	"0"	"0"	"0.010448908089100151"
"09/26/2022 10:53:53.764"	"99.250089410233073"	"0"	"20.914301597621698"	"0.0013809589802983857"	"6826.666666666667"	"1000000000"	"100000"	"119.51029484355256"	"0"	"16066654208"	"31645696"	"0"	"0.99591912369627134"	"0"
"09/26/2022 10:53:54.749"	"99.936077884014423"	"0"	"2.031528130565055"	"0.0025500514565673206"	"6144"	"1000000000"	"100000"	"0"	"0"	"16066899968"	"31383552"	"0"	"0"	"0"
"09/26/2022 10:53:55.749"	"99.904589941728076"	"0"	"9.9991178735813406"	"0.00096997554209044543"	"6553.6000000000004"	"1000000000"	"100000"	"59.994707241488037"	"0"	"16066916352"	"31383552"	"0"	"0"	"0.010418914349119568"
"09/26/2022 10:53:56.757"	"99.650548425265356"	"0"	"9.920570310137963"	"0.0011100054151300272"	"6144"	"1000000000"	"100000"	"0"	"0"	"16066916352"	"31383552"	"0"	"13.888798434193149"	"2.7237717355565683"
"09/26/2022 10:53:57.766"	"99.68282377675564"	"0"	"5.9438977898147023"	"0.0017500258779910467"	"8192"	"1000000000"	"100000"	"151.56939364027491"	"0"	"16066936832"	"31383552"	"0"	"19.812992632715673"	"0.55429316180584109"
"09/26/2022 10:53:58.759"	"99.928279355437155"	"0"	"3.0226163495016594"	"0.0018332738781142346"	"4096"	"1000000000"	"100000"	"0"	"0"	"16066830336"	"31387648"	"0"	"136.01773572757466"	"1.9956032564679038"
